num_updates,num_env_steps,sps,steps_per_second,time_delta,solve_rate/SixteenRooms,solve_rate/SixteenRooms2,solve_rate/Labyrinth,solve_rate/LabyrinthFlipped,solve_rate/Labyrinth2,solve_rate/StandardMaze,solve_rate/StandardMaze2,solve_rate/StandardMaze3,solve_rate/mean,return/SixteenRooms,return/SixteenRooms2,return/Labyrinth,return/LabyrinthFlipped,return/Labyrinth2,return/StandardMaze,return/StandardMaze2,return/StandardMaze3,return/mean,eval_ep_lengths/mean,agent/loss,agent/critic_loss,agent/actor_loss,agent/entropy,level/mean_num_blocks,train/learnability,train/success_rate,level_sampler/size,level_sampler/episode_count,level_sampler/max_score,level_sampler/weighted_score,level_sampler/mean_score,level_sampler/mean_p,level_sampler/mean_max_return,sfl/topk_learnability,sfl/population_learnability,branch/num_dr_updates,branch/num_replay_updates,branch/num_mutation_updates,branch/num_sfl_updates,oracle/bias,oracle/brier,oracle/control_brier,oracle/control_learnability,oracle/control_rank_corr,oracle/predicted_learnability,oracle/rank_corr,oracle/selected_learnability,oracle/selection_gain,oracle/loss,oracle/observations,branch/num_oracle_inserts,oracle/buffer_mean_p
250.0,2048000.0,18369.485083865602,18369.485083865602,111.48924374580383,0.0,0.0,0.0,0.0,0.0,0.0,0.0,0.0,0.0,0.0,0.0,0.0,0.0,0.0,0.0,0.0,0.0,0.0,250.0,0.00038184778532013297,0.004530988167971373,-5.714781980969974e-09,1.8836405277252197,23.315500259399414,0.05868750438094139,0.10950000584125519,1968.0,1968.0,0.25,nan,0.059641774743795395,0.11128049343824387,0.1866837441921234,0.107421875,0.0537109375,242.0,0.0,0.0,8.0,0.41796875,0.1962890625,0.171875,0.078125,0.7764706015586853,0.25,0.6072803139686584,0.0455729179084301,0.5833333730697632,0.3423655927181244,2000.0,1.0,0.10081994533538818
500.0,4096000.0,32039.702080944327,16019.851040472164,127.841388463974,0.0,0.0,0.0,0.0,0.0,0.0,0.0,0.0,0.0,0.0,0.0,0.0,0.0,0.0,0.0,0.0,0.0,0.0,250.0,0.0007679128902964294,0.004735533148050308,-7.149374869186431e-05,1.5283597707748413,24.89350128173828,0.1377354860305786,0.2794676125049591,2958.0,6840.0,0.25,nan,0.08763960748910904,0.14757637679576874,0.26336750388145447,0.140625,0.0703125,242.0,121.0,121.0,16.0,-0.04804295301437378,0.05866558849811554,0.07267185300588608,0.0390625,-0.16470588743686676,0.0902271494269371,-0.049908433109521866,0.0807291716337204,2.066666841506958,0.5088261961936951,6904.0,2.0,0.21878260374069214
750.0,6144000.0,81373.42081075309,27124.473603584363,75.5037693977356,0.10000000149011612,0.0,0.0,0.0,0.0,0.0,0.0,0.0,0.012500000186264515,0.05247999355196953,0.0,0.0,0.0,0.0,0.0,0.0,0.0,0.006559999193996191,250.0,0.002140654716640711,0.006538936868309975,-0.00011845063272630796,1.010363221168518,26.619125366210938,0.16866512596607208,0.3679392337799072,3955.0,11712.0,0.25,nan,0.14416292309761047,0.21176227927207947,0.3668453097343445,0.203125,0.1044921875,242.0,242.0,242.0,24.0,-0.008220084011554718,0.05807698518037796,0.06935582309961319,0.125,-0.15000000596046448,0.15644168853759766,0.18901102244853973,0.09765625,0.78125,0.6402920484542847,8192.0,3.0,0.3281298279762268
1000.0,8192000.0,105461.20415089498,26365.301037723744,77.67785382270813,0.0,0.0,0.0,0.0,0.0,0.0,0.0,0.0,0.0,0.0,0.0,0.0,0.0,0.0,0.0,0.0,0.0,0.0,250.0,0.003637945046648383,0.009155839681625366,-0.00019733737281057984,0.7426370978355408,27.0257511138916,0.1717965453863144,0.4659232497215271,4000.0,16584.0,0.25,0.23696459829807281,0.19614091515541077,0.2511714994907379,0.44267362356185913,0.212890625,0.138671875,242.0,363.0,363.0,32.0,-0.11130937933921814,0.12421610951423645,0.13986562192440033,0.12109375,0.029411764815449715,0.20657217502593994,-0.09487181156873703,0.14453125,1.193548321723938,0.6757835149765015,8192.0,4.0,0.4548027515411377
1250.0,10240000.0,133695.72557347265,26739.14511469453,76.59182786941528,0.0,0.0,0.0,0.0,0.0,0.0,0.0,0.0,0.0,0.0,0.0,0.0,0.0,0.0,0.0,0.0,0.0,0.0,250.0,0.005250792950391769,0.012164933606982231,-0.00016946965479291975,0.662204384803772,26.934751510620117,0.16394075751304626,0.5751991868019104,4000.0,21456.0,0.25,0.24650730192661285,0.22469261288642883,0.29797491431236267,0.531954288482666,0.20703125,0.12109375,242.0,484.0,484.0,40.0,-0.17224621772766113,0.13087472319602966,0.13685329258441925,0.12109375,0.21470588445663452,0.2493470311164856,0.23351652920246124,0.12109375,1.0,0.6720949411392212,8192.0,5.0,0.5247982144355774
1500.0,12288000.0,159426.28678184457,26571.047796974097,77.07637333869934,0.10000000149011612,0.0,0.0,0.0,0.0,0.0,0.0,0.0,0.012500000186264515,0.04851999878883362,0.0,0.0,0.0,0.0,0.0,0.0,0.0,0.006064999848604202,236.625,0.005501497536897659,0.012237331829965115,-0.00014673374244011939,0.4704347252845764,27.250751495361328,0.16046224534511566,0.5942742228507996,4000.0,26328.0,0.25,0.2475896030664444,0.23105117678642273,0.3482730984687805,0.629409670829773,0.21484375,0.1220703125,242.0,605.0,605.0,48.0,-0.23286479711532593,0.1283297836780548,0.11451837420463562,0.13671875,-0.07941176742315292,0.24903230369091034,-0.30760079622268677,0.1171875,0.8571428656578064,0.6220912933349609,8192.0,6.0,0.5923939943313599
1750.0,14336000.0,181724.99003020948,25960.712861458494,78.8884346485138,0.30000001192092896,0.0,0.0,0.0,0.0,0.0,0.0,0.0,0.03750000149011612,0.08111999183893204,0.0,0.0,0.0,0.0,0.0,0.0,0.0,0.010139998979866505,235.625,0.005631272681057453,0.012442219071090221,-0.00018317563808523118,0.4066614508628845,27.727500915527344,0.15616048872470856,0.610101580619812,4000.0,31200.0,0.25,0.24575957655906677,0.22734680771827698,0.3943345844745636,0.7056049704551697,0.158203125,0.0791015625,242.0,726.0,726.0,56.0,-0.26629844307899475,0.15201905369758606,0.12225710600614548,0.05078125,0.3911764919757843,0.2472313493490219,-0.22042128443717957,0.0885416716337204,1.7435898780822754,0.4627716541290283,8192.0,7.0,0.849897027015686
2000.0,16384000.0,221227.49666635922,27653.437083294903,74.05950999259949,0.4000000059604645,0.0,0.0,0.0,0.0,0.0,0.0,0.0,0.05000000074505806,0.17139999568462372,0.0,0.0,0.0,0.0,0.0,0.0,0.0,0.021424999460577965,250.0,0.005591478198766708,0.01234227605164051,-0.00018963859474752098,0.39002126455307007,27.191251754760742,0.15515176951885223,0.6165369749069214,4000.0,36072.0,0.25,0.21078920364379883,0.14147336781024933,0.437984436750412,0.7641106247901917,0.12109375,0.060546875,242.0,847.0,847.0,64.0,-0.20125123858451843,0.14929726719856262,0.04861357435584068,0.0390625,0.2852941155433655,0.20917628705501556,-0.1250000149011612,0.0677083358168602,1.7333334684371948,0.4763355851173401,8192.0,8.0,0.8770647644996643
2250.0,18432000.0,239378.1613612634,26597.573484584824,76.99950528144836,0.5,0.0,0.0,0.0,0.0,0.0,0.0,0.0,0.0625,0.24007998406887054,0.0,0.0,0.0,0.0,0.0,0.0,0.0,0.030009998008608818,250.0,0.00580429146066308,0.012660437263548374,-0.00018480067956261337,0.34112662076950073,27.805002212524414,0.15570178627967834,0.6292002201080322,4000.0,40944.0,0.25,0.20533716678619385,0.1287735104560852,0.47823044657707214,0.8070524334907532,0.12890625,0.064453125,242.0,968.0,968.0,72.0,-0.20064382255077362,0.13255271315574646,0.021890947595238686,0.0390625,0.2441176474094391,0.2068394422531128,0.011538463644683361,0.0729166716337204,1.8666667938232422,0.42882847785949707,8192.0,9.0,0.8869941234588623
2500.0,20480000.0,265637.8223738595,26563.782237385953,77.09745478630066,0.4000000059604645,0.10000000149011612,0.0,0.0,0.0,0.0,0.0,0.0,0.0625,0.1775200068950653,0.010719996877014637,0.0,0.0,0.0,0.0,0.0,0.0,0.02353000082075596,247.875,0.005855366121977568,0.012779724784195423,-0.00022927342797629535,0.30522283911705017,28.56650161743164,0.1546376794576645,0.6634662747383118,4000.0,45816.0,0.2481536865234375,0.20043407380580902,0.11977202445268631,0.5139633417129517,0.8362131714820862,0.150390625,0.0751953125,242.0,1089.0,1089.0,80.0,-0.26327407360076904,0.12142737209796906,0.030381876975297928,0.03515625,0.1764705926179886,0.21300193667411804,0.01932234689593315,0.0885416716337204,2.5185186862945557,0.45747631788253784,8192.0,10.0,0.8761523365974426
2750.0,22528000.0,294310.28298244183,26755.480271131077,76.54506587982178,0.0,0.0,0.0,0.0,0.0,0.0,0.0,0.10000000149011612,0.012500000186264515,0.0,0.0,0.0,0.0,0.0,0.0,0.0,0.07336000353097916,0.009170000441372395,250.0,0.005708054639399052,0.012447791174054146,-0.00023841788060963154,0.2774231433868408,28.341251373291016,0.14771278202533722,0.690536618232727,4000.0,50688.0,0.24847412109375,0.20114043354988098,0.1216806098818779,0.5496294498443604,0.860458254814148,0.099609375,0.0498046875,242.0,1210.0,1210.0,88.0,-0.2878800928592682,0.13778823614120483,0.0021066516637802124,0.0,-0.0676470622420311,0.1968754380941391,-0.016575094312429428,0.06640625,5.6666669845581055,0.39518043398857117,8192.0,11.0,0.9085295796394348
3000.0,24576000.0,327063.73929699324,27255.311608082768,75.14131665229797,0.30000001192092896,0.10000000149011612,0.0,0.30000001192092896,0.20000000298023224,0.10000000149011612,0.10000000149011612,0.20000000298023224,0.16250000894069672,0.12143998593091965,0.021519994363188744,0.0,0.05051998421549797,0.048799991607666016,0.053919997066259384,0.03951999545097351,0.11539999395608902,0.05638999491930008,246.5,0.005440753884613514,0.012053306214511395,-0.0003449146170169115,0.24098451435565948,29.925500869750977,0.15344499051570892,0.6792693734169006,4000.0,55560.0,0.24609375,0.1940908133983612,0.10764867812395096,0.5821645259857178,0.8763225674629211,0.11328125,0.056640625,242.0,1331.0,1331.0,96.0,-0.22438637912273407,0.10754895210266113,0.010325942188501358,0.0234375,-0.12352941185235977,0.19578658044338226,0.24427659809589386,0.0677083358168602,2.8888890743255615,0.3865317106246948,8192.0,12.0,0.9097779989242554
3250.0,26624000.0,341299.36777990236,26253.797521530953,78.00776243209839,1.0,0.20000000298023224,0.0,0.0,0.0,0.0,0.0,0.20000000298023224,0.17500001192092896,0.614799976348877,0.09200000017881393,0.0,0.0,0.0,0.0,0.0,0.11036000400781631,0.1021450012922287,213.375,0.005674608517438173,0.012439403682947159,-0.0003436347469687462,0.2014586478471756,30.02487564086914,0.14885737001895905,0.6758353114128113,4000.0,60432.0,0.25,0.19609685242176056,0.10424130409955978,0.6101523637771606,0.8865929245948792,0.09375,0.046875,242.0,1452.0,1452.0,104.0,-0.21636882424354553,0.12703408300876617,0.06125623732805252,0.0,0.1617647111415863,0.19075119495391846,0.024633703753352165,0.0625,5.333333492279053,0.40449225902557373,8192.0,13.0,0.9194210171699524
3500.0,28672000.0,372826.8026131805,26630.485900941465,76.90434217453003,0.699999988079071,0.0,0.0,0.0,0.30000001192092896,0.10000000149011612,0.0,0.699999988079071,0.22499999403953552,0.30003997683525085,0.0,0.0,0.0,0.0461999885737896,0.02871999703347683,0.0,0.2924799919128418,0.08342999219894409,244.75,0.005794366355985403,0.012682396918535233,-0.0003679002111312002,0.17893168330192566,29.32487678527832,0.14813069999217987,0.6817806363105774,4000.0,65304.0,0.24609375,0.1912326067686081,0.09641201794147491,0.6334495544433594,0.8910686373710632,0.056640625,0.0283203125,242.0,1573.0,1573.0,112.0,-0.235352024435997,0.10609318315982819,0.005852959584444761,0.0234375,0.40294119715690613,0.1797325164079666,-0.11176741868257523,0.0299479179084301,1.277777910232544,0.4388687014579773,8192.0,14.0,0.9179685115814209
3750.0,30720000.0,399338.88836707384,26622.59255780492,76.92714357376099,0.6000000238418579,0.5,0.0,0.0,0.10000000149011612,0.10000000149011612,0.0,0.30000001192092896,0.20000000298023224,0.31919997930526733,0.16411998867988586,0.0,0.0,0.01395999826490879,0.04203999787569046,0.0,0.07715999335050583,0.07705999910831451,208.375,0.005739863961935043,0.012445147149264812,-0.00032629218185320497,0.156417116522789,29.69550132751465,0.14052781462669373,0.7107490301132202,4000.0,70176.0,0.25,0.1930081993341446,0.09349794685840607,0.6587769985198975,0.8961406946182251,0.0546875,0.02734375,242.0,1694.0,1694.0,120.0,-0.18330851197242737,0.0807398110628128,0.004814167506992817,0.01171875,0.06470588594675064,0.1718025803565979,-0.024267403408885002,0.0325520858168602,2.777778148651123,0.3951790928840637,8192.0,15.0,0.9156546592712402
4000.0,32768000.0,427140.2807642663,26696.267547766645,76.71484398841858,0.699999988079071,0.10000000149011612,0.0,0.0,0.0,0.0,0.0,0.5,0.16249999403953552,0.2773599922657013,0.013599998317658901,0.0,0.0,0.0,0.0,0.0,0.1515199989080429,0.055309996008872986,250.0,0.00589402811601758,0.012747040949761868,-0.0003250081790611148,0.15448476374149323,31.571876525878906,0.14710690081119537,0.6878248453140259,4000.0,75048.0,0.25,0.19321569800376892,0.09342112392187119,0.6799319982528687,0.898895263671875,0.064453125,0.0322265625,242.0,1815.0,1815.0,128.0,-0.18522615730762482,0.07923316210508347,0.007507347501814365,0.0234375,-0.06470588594675064,0.17200365662574768,0.01195055153220892,0.03515625,1.5,0.3511958420276642,8192.0,16.0,0.9275784492492676
4250.0,34816000.0,454339.81557222357,26725.871504248447,76.62986779212952,0.9000000357627869,0.20000000298023224,0.0,0.0,0.0,0.0,0.0,0.10000000149011612,0.15000000596046448,0.620639979839325,0.08983999490737915,0.0,0.0,0.0,0.0,0.0,0.041679996997117996,0.09401999413967133,250.0,0.005714981816709042,0.012487391009926796,-0.0003879076393786818,0.1408061385154724,31.3228759765625,0.1362687051296234,0.7176011204719543,4000.0,79920.0,0.24481290578842163,0.18685811758041382,0.0861736312508583,0.7010487914085388,0.901838481426239,0.078125,0.0390625,242.0,1936.0,1936.0,136.0,-0.12114732712507248,0.0656832605600357,0.0007907942635938525,0.0,-0.13235294818878174,0.15270185470581055,0.12925826013088226,0.0520833358168602,4.44444465637207,0.3733668625354767,8192.0,17.0,0.9321111440658569
4500.0,36864000.0,481170.24512038945,26731.68028446608,76.6132161617279,0.5,0.5,0.0,0.0,0.5,0.0,0.0,0.6000000238418579,0.26249998807907104,0.32287999987602234,0.16267997026443481,0.0,0.0,0.0921199843287468,0.0,0.0,0.2176799774169922,0.09941999614238739,226.375,0.0056845638900995255,0.012468099594116211,-0.00043187919072806835,0.11760624498128891,30.43912696838379,0.12935085594654083,0.730821430683136,4000.0,84792.0,0.2481536865234375,0.18835023045539856,0.08133798837661743,0.7176074385643005,0.9024585485458374,0.0625,0.03125,242.0,2057.0,2057.0,144.0,-0.07298341393470764,0.06563113629817963,0.0014998501865193248,0.0,0.4264706075191498,0.14314118027687073,0.23177659511566162,0.0416666679084301,3.555555820465088,0.3832288384437561,8192.0,18.0,0.9326741099357605
4750.0,38912000.0,506029.6750388546,26633.140791518665,76.8966760635376,0.800000011920929,0.0,0.0,0.0,0.0,0.0,0.0,0.6000000238418579,0.17500001192092896,0.4612400233745575,0.0,0.0,0.0,0.0,0.0,0.0,0.28175997734069824,0.09287500381469727,238.0,0.0060510337352752686,0.01325223222374916,-0.00045108230551704764,0.12399966269731522,32.565250396728516,0.13483363389968872,0.7074530720710754,4000.0,89664.0,0.25,0.1897023320198059,0.08029831200838089,0.7294958233833313,0.8991913199424744,0.04296875,0.021484375,242.0,2178.0,2178.0,152.0,-0.10939132422208786,0.06407193839550018,0.001078052562661469,0.0,-0.07058823853731155,0.13930067420005798,0.013827841728925705,0.02864583395421505,2.4444446563720703,0.43317243456840515,8192.0,19.0,0.9247451424598694
5000.0,40960000.0,530643.0595300549,26532.152976502748,77.18936347961426,0.4000000059604645,0.10000000149011612,0.0,0.0,0.10000000149011612,0.0,0.0,0.800000011920929,0.17500001192092896,0.15519998967647552,0.024039996787905693,0.0,0.0,0.049959998577833176,0.0,0.0,0.3384799659252167,0.07095999270677567,231.5,0.006095288321375847,0.01324215717613697,-0.0004100774822290987,0.11571310460567474,33.79987716674805,0.13550415635108948,0.7111119031906128,4000.0,94536.0,0.25,0.19017842411994934,0.08148317039012909,0.7416709065437317,0.8951852321624756,0.03125,0.015625,242.0,2299.0,2299.0,160.0,-0.17600595951080322,0.05726572126150131,0.0029694901313632727,0.0,0.2647058963775635,0.14610019326210022,-0.07065019756555557,0.02083333395421505,1.777777910232544,0.3800145983695984,8192.0,20.0,0.9225788116455078
5250.0,43008000.0,559561.7452983776,26645.79739516084,76.86015057563782,0.800000011920929,0.20000000298023224,0.0,0.0,0.0,0.0,0.0,0.6000000238418579,0.20000000298023224,0.43747997283935547,0.06427999585866928,0.0,0.0,0.0,0.0,0.0,0.20903997123241425,0.0888499915599823,250.0,0.006037482060492039,0.013093150220811367,-0.00039643951458856463,0.11265350878238678,33.86237716674805,0.1280471235513687,0.7250210642814636,4000.0,99408.0,0.24981307983398438,0.18910092115402222,0.07951222360134125,0.7527024745941162,0.8937171697616577,0.060546875,0.0302734375,242.0,2420.0,2420.0,168.0,-0.07283162325620651,0.05399351194500923,0.06257756799459457,0.0,-0.1352941244840622,0.12021084874868393,-0.00892857275903225,0.0403645858168602,3.4444446563720703,0.4140324890613556,8192.0,21.0,0.9123032689094543
5500.0,45056000.0,588087.0086115664,26731.227664162107,76.6145133972168,0.9000000357627869,0.0,0.0,0.10000000149011612,0.5,0.20000000298023224,0.10000000149011612,0.800000011920929,0.32499998807907104,0.41867995262145996,0.0,0.0,0.02799999713897705,0.19363997876644135,0.04231999069452286,0.056439995765686035,0.35071998834609985,0.13622498512268066,204.375,0.006022931542247534,0.013179436326026917,-0.0004632349300663918,0.10355187207460403,34.98250198364258,0.13218875229358673,0.716145932674408,4000.0,104280.0,0.24847412109375,0.18982268869876862,0.08204234391450882,0.7619470357894897,0.8914443850517273,0.041015625,0.0205078125,242.0,2541.0,2541.0,176.0,-0.11134902387857437,0.05529116094112396,0.0545869879424572,0.0,0.07941176742315292,0.13156801462173462,-0.08988096565008163,0.02734375,2.3333334922790527,0.43113985657691956,8192.0,22.0,0.9016028642654419
5750.0,47104000.0,613605.4823186698,26678.499231246515,76.76593732833862,1.0,0.5,0.0,0.0,0.0,0.30000001192092896,0.0,0.4000000059604645,0.2750000059604645,0.7037200331687927,0.1950799971818924,0.0,0.0,0.0,0.13223998248577118,0.0,0.1695999950170517,0.15007999539375305,238.875,0.006259147543460131,0.013501140289008617,-0.00039456490776501596,0.09685783088207245,34.75200271606445,0.13471195101737976,0.7045641541481018,4000.0,109152.0,0.25,0.19381634891033173,0.08705848455429077,0.7677060961723328,0.8894680738449097,0.041015625,0.0205078125,242.0,2662.0,2662.0,184.0,-0.14870935678482056,0.06509464234113693,0.05899552255868912,0.0,0.12058823555707932,0.14596791565418243,-0.10778389871120453,0.02734375,2.3333334922790527,0.41336721181869507,8192.0,23.0,0.892267107963562
6000.0,49152000.0,642391.4397734883,26766.309990562015,76.51409554481506,0.4000000059604645,0.699999988079071,0.0,0.0,0.0,0.30000001192092896,0.0,0.6000000238418579,0.25,0.17031998932361603,0.2208399772644043,0.0,0.0,0.0,0.077519990503788,0.0,0.2666400074958801,0.09191499650478363,239.5,0.0061776647344231606,0.013371048495173454,-0.00041307060746476054,0.09478865563869476,34.10262680053711,0.13272425532341003,0.7094200849533081,4000.0,114024.0,0.24981307983398438,0.19277295470237732,0.08596348017454147,0.7726580500602722,0.8875409364700317,0.033203125,0.0166015625,242.0,2783.0,2783.0,192.0,-0.2047601044178009,0.07093843817710876,0.0015204902738332748,0.0,-0.30000001192092896,0.15434840321540833,-0.10737181454896927,0.0221354179084301,1.8888890743255615,0.4701734483242035,8192.0,24.0,0.9095985293388367
6250.0,51200000.0,664428.0971508141,26577.123886032565,77.05875205993652,0.800000011920929,0.4000000059604645,0.0,0.10000000149011612,0.800000011920929,0.0,0.0,0.6000000238418579,0.33750003576278687,0.34676000475883484,0.22431997954845428,0.0,0.013239997439086437,0.3787999749183655,0.0,0.0,0.3328799903392792,0.16199998557567596,227.125,0.006020073778927326,0.012970843352377415,-0.00037282207631506026,0.09252545237541199,36.538753509521484,0.132775217294693,0.6972110271453857,4000.0,118896.0,0.2497241348028183,0.1910976618528366,0.08025380223989487,0.7781109809875488,0.8838995695114136,0.05859375,0.029296875,242.0,2904.0,2904.0,200.0,-0.10974133014678955,0.0391690731048584,0.006758993957191706,0.0234375,0.15000000596046448,0.12518110871315002,-0.059340670704841614,0.03125,1.3333333730697632,0.4427804946899414,8192.0,25.0,0.886297345161438
6500.0,53248000.0,688986.870970465,26499.495037325578,77.28449153900146,0.20000000298023224,0.4000000059604645,0.4000000059604645,0.6000000238418579,0.699999988079071,0.10000000149011612,0.10000000149011612,0.800000011920929,0.4125000238418579,0.1388000100851059,0.09111998975276947,0.09615998715162277,0.16583998501300812,0.2964399755001068,0.02223999612033367,0.05787999555468559,0.3420799672603607,0.1513199806213379,197.375,0.0060325684025883675,0.012986589223146439,-0.0003751688345801085,0.0855574756860733,35.987125396728516,0.13610047101974487,0.7017474174499512,4000.0,123768.0,0.24781888723373413,0.19246381521224976,0.08545872569084167,0.7831610441207886,0.8829568028450012,0.0234375,0.01171875,242.0,3025.0,3025.0,208.0,-0.10762843489646912,0.045537613332271576,0.0005685004871338606,0.0,-0.28823530673980713,0.1153617650270462,-0.16478940844535828,0.015625,1.3333333730697632,0.4243418872356415,8192.0,26.0,0.8901828527450562
6750.0,55296000.0,714779.1141869423,26473.30052544231,77.36096215248108,0.9000000357627869,0.5,0.20000000298023224,0.0,0.20000000298023224,0.20000000298023224,0.0,0.800000011920929,0.3500000238418579,0.6840000152587891,0.22711999714374542,0.05311999469995499,0.0,0.059599995613098145,0.036559995263814926,0.0,0.2722399830818176,0.1665799915790558,217.0,0.006024799309670925,0.013061946257948875,-0.0004171386535745114,0.08903568238019943,35.90125274658203,0.13620057702064514,0.6966686248779297,4000.0,128640.0,0.25,0.19417212903499603,0.08566351234912872,0.7875441312789917,0.8818038702011108,0.0546875,0.02734375,242.0,3146.0,3146.0,216.0,-0.09085938334465027,0.027050362899899483,0.0006092117400839925,0.0,0.1411764770746231,0.11238636821508408,0.050503671169281006,0.0364583358168602,3.1111114025115967,0.4880039691925049,8192.0,27.0,0.8925200700759888
7000.0,57344000.0,745365.4972295417,26620.196329626488,76.93406820297241,0.20000000298023224,0.20000000298023224,0.0,0.0,0.0,0.30000001192092896,0.0,0.699999988079071,0.17499999701976776,0.11396000534296036,0.04519999772310257,0.0,0.0,0.0,0.12683998048305511,0.0,0.24855999648571014,0.06681999564170837,245.25,0.006042130757123232,0.01304494310170412,-0.00039795407792553306,0.08238624781370163,37.155250549316406,0.1296180784702301,0.7017365097999573,4000.0,133512.0,0.24847412109375,0.19334354996681213,0.08565164357423782,0.7922852635383606,0.8807590007781982,0.017578125,0.0087890625,242.0,3267.0,3267.0,224.0,-0.11037931591272354,0.05111813172698021,0.002481963252648711,0.0,-0.24117647111415863,0.12106163799762726,-0.14221614599227905,0.01171875,1.0,0.4610147774219513,8192.0,28.0,0.8787696361541748
7250.0,59392000.0,771510.1943378085,26603.79980475202,76.98148441314697,0.9000000357627869,0.5,0.0,0.0,0.0,0.0,0.0,0.6000000238418579,0.25,0.4255199432373047,0.23539999127388,0.0,0.0,0.0,0.0,0.0,0.20112000405788422,0.10775499045848846,232.875,0.005870669614523649,0.012775087729096413,-0.0004320479347370565,0.0848262831568718,35.920753479003906,0.12798279523849487,0.714619517326355,4000.0,138384.0,0.24991393089294434,0.19593895971775055,0.08917869627475739,0.7964375615119934,0.8794963359832764,0.037109375,0.0185546875,242.0,3388.0,3388.0,232.0,-0.06694072484970093,0.0674939677119255,0.005476525519043207,0.01171875,-0.13823530077934265,0.12835583090782166,0.017582420259714127,0.02083333395421505,1.777777910232544,0.4583927392959595,8192.0,29.0,0.8692920207977295
7500.0,61440000.0,801523.4603053308,26717.44867684436,76.65402579307556,0.800000011920929,0.800000011920929,0.0,0.0,0.0,0.0,0.0,0.10000000149011612,0.21250000596046448,0.3157999813556671,0.34783998131752014,0.0,0.0,0.0,0.0,0.0,0.025119995698332787,0.08609499782323837,219.125,0.005769806914031506,0.012515307404100895,-0.0004042422806378454,0.0836036428809166,37.80900192260742,0.13073600828647614,0.6964801549911499,4000.0,143256.0,0.25,0.19743627309799194,0.09096096456050873,0.7983987331390381,0.8753038048744202,0.0546875,0.02734375,242.0,3509.0,3509.0,240.0,-0.17381080985069275,0.08864802122116089,0.0005620410665869713,0.0,-0.16470588743686676,0.16264010965824127,-0.11272896081209183,0.0364583358168602,3.1111114025115967,0.4598765969276428,8192.0,30.0,0.8945674300193787
7750.0,63488000.0,844290.1650404374,27235.166614207657,75.19689631462097,0.20000000298023224,0.30000001192092896,0.0,0.0,0.0,0.30000001192092896,0.0,0.10000000149011612,0.11249999701976776,0.07903999835252762,0.07715999335050583,0.0,0.0,0.0,0.07823998481035233,0.0,0.04527999833226204,0.034964997321367264,241.625,0.006078001111745834,0.01310957595705986,-0.000395045179175213,0.08174121379852295,36.60225296020508,0.1297399401664734,0.7132694721221924,4000.0,148128.0,0.25,0.1932971179485321,0.08191294968128204,0.8021292090415955,0.8728578090667725,0.0546875,0.02734375,242.0,3630.0,3630.0,248.0,-0.08123885095119476,0.04709853231906891,0.017484836280345917,0.02734375,0.23823529481887817,0.12187142670154572,0.001602564356289804,0.02734375,1.0,0.5289707779884338,8192.0,31.0,0.8799595236778259
8000.0,65536000.0,845215.2748425745,26412.977338830453,77.53764271736145,0.9000000357627869,0.5,0.0,0.0,0.0,0.0,0.0,0.699999988079071,0.26250001788139343,0.4831199645996094,0.16159997880458832,0.0,0.0,0.0,0.0,0.0,0.21831996738910675,0.10787998884916306,224.75,0.005881245713680983,0.012760525569319725,-0.00042238450259901583,0.0766323134303093,37.544376373291016,0.12851956486701965,0.7082841992378235,4000.0,153000.0,0.25,0.19495904445648193,0.08525808155536652,0.8033594489097595,0.8698802590370178,0.037109375,0.0185546875,242.0,3751.0,3751.0,256.0,-0.11642567813396454,0.040190089493989944,0.005450533702969551,0.01171875,0.12058823555707932,0.12285922467708588,0.001602564356289804,0.02083333395421505,1.777777910232544,0.4403342604637146,8192.0,32.0,0.8903138637542725
8250.0,67584000.0,881524.0629244983,26712.850391651464,76.66722083091736,0.699999988079071,0.4000000059604645,0.0,0.0,0.0,0.800000011920929,0.0,0.9000000357627869,0.3500000238418579,0.2906799912452698,0.11451997607946396,0.0,0.0,0.0,0.2571199834346771,0.0,0.28007999062538147,0.11779999732971191,209.5,0.0061521269381046295,0.013268738985061646,-0.000401567347580567,0.08067551255226135,39.19200134277344,0.12882791459560394,0.6961177587509155,4000.0,157872.0,0.25,0.19488213956356049,0.08468683063983917,0.8033767938613892,0.8661792278289795,0.0390625,0.01953125,242.0,3872.0,3872.0,264.0,-0.1042226105928421,0.02688850834965706,0.001112097525037825,0.0,-0.0882352963089943,0.10902820527553558,-0.12953299283981323,0.0260416679084301,2.222222328186035,0.4669887125492096,8192.0,33.0,0.8682173490524292
8500.0,69632000.0,897267.3755417601,26390.216927698828,77.60451555252075,0.6000000238418579,0.699999988079071,0.30000001192092896,0.4000000059604645,0.800000011920929,0.6000000238418579,0.0,1.0,0.550000011920929,0.33719998598098755,0.24279998242855072,0.1189199909567833,0.17427998781204224,0.33559995889663696,0.21479998528957367,0.0,0.5208399891853333,0.24305498600006104,217.625,0.0057634394615888596,0.012519982643425465,-0.00041647531907074153,0.08007626235485077,38.30000305175781,0.12800221145153046,0.7048256993293762,4000.0,162744.0,0.25,0.19650259613990784,0.08797523379325867,0.8046212196350098,0.8651401996612549,0.013671875,0.0068359375,242.0,3993.0,3993.0,272.0,-0.13603702187538147,0.0665404349565506,0.04276087135076523,0.02734375,0.19705882668495178,0.14343079924583435,0.10137364268302917,0.0,0.0,0.4559828042984009,8192.0,34.0,0.8761498928070068
8750.0,71680000.0,932898.4934727359,26654.242670649597,76.83579778671265,0.30000001192092896,0.699999988079071,0.0,0.0,0.0,0.6000000238418579,0.0,0.9000000357627869,0.3125,0.2380800098180771,0.25647997856140137,0.0,0.0,0.0,0.18707998096942902,0.0,0.5079600214958191,0.14869999885559082,209.625,0.005558524746447802,0.012179916724562645,-0.0004471762222237885,0.08425705879926682,39.89600372314453,0.1310240477323532,0.6974277496337891,4000.0,167616.0,0.2490234375,0.19541971385478973,0.08815561234951019,0.803224503993988,0.8631458282470703,0.03515625,0.017578125,242.0,4114.0,4114.0,280.0,-0.12233403325080872,0.030589353293180466,0.0038818593602627516,0.01171875,-0.16764706373214722,0.1133115291595459,-0.11726192384958267,0.01953125,1.6666667461395264,0.40542301535606384,8192.0,35.0,0.8685648441314697
9000.0,73728000.0,947923.9446541115,26331.22068483643,77.77839183807373,0.30000001192092896,0.20000000298023224,0.20000000298023224,0.0,0.9000000357627869,0.5,0.0,0.5,0.32500001788139343,0.07931999117136002,0.07976000010967255,0.048799991607666016,0.0,0.32075998187065125,0.23791997134685516,0.0,0.24007999897003174,0.12582999467849731,250.0,0.005921422969549894,0.012906963936984539,-0.0004547571879811585,0.07730209082365036,38.2967529296875,0.1255684792995453,0.7104429006576538,4000.0,172488.0,0.25,0.19684724509716034,0.08787263929843903,0.8017435669898987,0.8614736199378967,0.005859375,0.0029296875,242.0,4235.0,4235.0,288.0,-0.11374454200267792,0.020660579204559326,0.0002884625573642552,0.0,-0.2617647051811218,0.09703239798545837,-0.14752750098705292,0.00390625,0.3333333432674408,0.42887407541275024,8192.0,36.0,0.8559901714324951
9250.0,75776000.0,980597.9881701891,26502.648328924028,77.27529621124268,0.800000011920929,0.20000000298023224,0.800000011920929,0.9000000357627869,0.4000000059604645,0.9000000357627869,0.0,0.800000011920929,0.6000000238418579,0.49939998984336853,0.1035199910402298,0.2513599991798401,0.2141999751329422,0.19623999297618866,0.2919599711894989,0.0,0.2988799512386322,0.2319449931383133,201.125,0.005598403979092836,0.012170668691396713,-0.00042005188879556954,0.06687811017036438,40.0728759765625,0.12657234072685242,0.7157569527626038,4000.0,177360.0,0.24930627644062042,0.1970513015985489,0.08925230801105499,0.8049225211143494,0.8605619072914124,0.03125,0.015625,242.0,4356.0,4356.0,296.0,-0.10644791275262833,0.0550202801823616,0.012121415697038174,0.015625,0.038235295563936234,0.11926685273647308,-0.07783883810043335,0.015625,1.0,0.4539223909378052,8192.0,37.0,0.875905454158783
9500.0,77824000.0,1015158.5722481187,26714.699269687335,76.66191482543945,1.0,0.20000000298023224,0.0,0.0,0.20000000298023224,0.6000000238418579,0.0,0.10000000149011612,0.26250001788139343,0.6839200258255005,0.08983999490737915,0.0,0.0,0.04375999793410301,0.2921999990940094,0.0,0.017199993133544922,0.1408649981021881,195.75,0.005909197963774204,0.012633838690817356,-0.00034545367816463113,0.062267519533634186,39.82575225830078,0.12630870938301086,0.7078894376754761,4000.0,182232.0,0.25,0.195711150765419,0.08619029819965363,0.8064021468162537,0.8587448000907898,0.01953125,0.009765625,242.0,4477.0,4477.0,304.0,-0.10119031369686127,0.029114089906215668,0.0002430550375720486,0.0,0.3588235378265381,0.1044672429561615,-0.01263736467808485,0.01302083395421505,1.1111111640930176,0.4614502489566803,8192.0,38.0,0.866247296333313
9750.0,79872000.0,1043382.8314499949,26753.405934615257,76.55100083351135,1.0,0.9000000357627869,0.699999988079071,0.0,0.9000000357627869,0.20000000298023224,0.20000000298023224,0.699999988079071,0.5750000476837158,0.670960009098053,0.3707999885082245,0.18987999856472015,0.0,0.2746799886226654,0.08047999441623688,0.09271999448537827,0.29823997616767883,0.2472199946641922,196.25,0.005637811496853828,0.012165258638560772,-0.00038695413968525827,0.0578639842569828,40.742252349853516,0.12303765118122101,0.7262222170829773,4000.0,187104.0,0.25,0.19749665260314941,0.08913005143404007,0.8102606534957886,0.8576691150665283,0.005859375,0.0029296875,242.0,4598.0,4598.0,312.0,-0.10389783978462219,0.023997822776436806,0.0005915656220167875,0.0,-0.5117647051811218,0.10137932747602463,-0.08768316358327866,0.00390625,0.3333333432674408,0.4121708869934082,8192.0,39.0,0.8790497779846191
10000.0,81920000.0,1064182.2581472157,26604.556453680394,76.97929501533508,0.30000001192092896,0.6000000238418579,0.20000000298023224,0.30000001192092896,0.699999988079071,0.6000000238418579,0.0,0.800000011920929,0.4375,0.20711998641490936,0.17663998901844025,0.06823999434709549,0.07715999335050583,0.21939997375011444,0.288239985704422,0.0,0.2916799783706665,0.16605998575687408,200.625,0.005793809425085783,0.012610180303454399,-0.00045424283598549664,0.05703795328736305,40.247127532958984,0.12200111150741577,0.7342445850372314,4000.0,191976.0,0.24610036611557007,0.19290311634540558,0.08407602459192276,0.8119794130325317,0.8585402965545654,0.013671875,0.0068359375,242.0,4719.0,4719.0,320.0,-0.09458562731742859,0.019995301961898804,0.0003972373087890446,0.0,-0.10588235408067703,0.08824183791875839,-0.13237181305885315,0.00911458395421505,0.7777778506278992,0.3800443708896637,8192.0,40.0,0.8848258256912231
10250.0,83968000.0,1090596.0111305865,26599.90271050211,76.99276280403137,0.6000000238418579,0.699999988079071,0.699999988079071,0.800000011920929,0.9000000357627869,0.5,0.0,1.0,0.6499999761581421,0.20471997559070587,0.24351997673511505,0.3417999744415283,0.3442399501800537,0.48743993043899536,0.28939998149871826,0.0,0.5248000025749207,0.30448997020721436,183.75,0.0058908588252961636,0.012746735475957394,-0.00042081245919689536,0.061695646494627,40.43037796020508,0.12768672406673431,0.7053569555282593,4000.0,196848.0,0.25,0.19485865533351898,0.08179134875535965,0.810746967792511,0.8560599088668823,0.017578125,0.0087890625,242.0,4840.0,4840.0,328.0,-0.0756237804889679,0.021047737449407578,0.0024100239388644695,0.0,0.43529412150382996,0.08913138508796692,0.045238103717565536,0.01171875,1.0,0.39197754859924316,8192.0,41.0,0.8952818512916565
10500.0,86016000.0,1113343.574221884,26508.180338616283,77.25916957855225,1.0,1.0,1.0,0.699999988079071,1.0,0.4000000059604645,0.0,1.0,0.7625000476837158,0.5478399991989136,0.4556799829006195,0.4304799735546112,0.19887995719909668,0.5280399322509766,0.19335998594760895,0.0,0.6868000030517578,0.3801349997520447,172.25,0.005989771336317062,0.012873711995780468,-0.00038595031946897507,0.061134327203035355,40.93937683105469,0.127278670668602,0.701251745223999,4000.0,201720.0,0.2490234375,0.192334845662117,0.07809049636125565,0.8088916540145874,0.8524680733680725,0.013671875,0.0068359375,242.0,4961.0,4961.0,336.0,-0.082378089427948,0.01724386028945446,0.00010596634092507884,0.0,0.5088235139846802,0.07941798865795135,-0.12513738870620728,0.00911458395421505,0.7777778506278992,0.5343607664108276,8192.0,42.0,0.8420448303222656
10750.0,88064000.0,1141127.0233946228,26537.837753363325,77.17282843589783,0.5,0.5,0.10000000149011612,1.0,0.0,1.0,0.0,0.4000000059604645,0.4375,0.14935998618602753,0.18679998815059662,0.023319995030760765,0.5291199684143066,0.0,0.6184000372886658,0.0,0.1908399909734726,0.21222999691963196,212.0,0.006129033397883177,0.01321456953883171,-0.000420960335759446,0.057291191071271896,38.803375244140625,0.12408626824617386,0.7242743372917175,4000.0,206592.0,0.25,0.19899654388427734,0.09217943251132965,0.8099009394645691,0.8505784273147583,0.048828125,0.0244140625,242.0,5082.0,5082.0,344.0,-0.11052420735359192,0.04269001632928848,0.00034709583269432187,0.0,0.03529411926865578,0.13096415996551514,0.03232601284980774,0.0325520858168602,2.777778148651123,0.416096031665802,8192.0,43.0,0.8843661546707153
11000.0,90112000.0,1170509.616403091,26602.49128188843,76.98527097702026,0.9000000357627869,1.0,0.5,0.699999988079071,0.4000000059604645,1.0,0.0,0.800000011920929,0.6625000238418579,0.3653999865055084,0.5471199750900269,0.16411998867988586,0.23955999314785004,0.13288000226020813,0.5564799308776855,0.0,0.5389999747276306,0.3180699944496155,175.75,0.006184140685945749,0.013319038785994053,-0.000415218120906502,0.06016034260392189,41.37987518310547,0.12628419697284698,0.6924397945404053,4000.0,211464.0,0.25,0.19476047158241272,0.08223144710063934,0.8069064021110535,0.8476725220680237,0.0234375,0.01171875,242.0,5203.0,5203.0,352.0,-0.06372193992137909,0.0222112275660038,0.0038004275411367416,0.01171875,0.17352941632270813,0.08482315391302109,0.05613554269075394,0.01171875,1.0,0.4524075388908386,8192.0,44.0,0.8692329525947571
11250.0,92160000.0,1211468.107501161,26921.5135000258,76.072988986969,0.4000000059604645,0.20000000298023224,0.9000000357627869,1.0,1.0,1.0,0.4000000059604645,0.699999988079071,0.699999988079071,0.15807998180389404,0.1236799955368042,0.43307992815971375,0.5427999496459961,0.5427999496459961,0.49887996912002563,0.1353999823331833,0.4451199471950531,0.3599799573421478,139.25,0.005788242444396019,0.012486442923545837,-0.00040085692307911813,0.05412185192108154,40.85062789916992,0.12345351278781891,0.7227854132652283,4000.0,216336.0,0.2481752634048462,0.19540460407733917,0.08580587804317474,0.8096483945846558,0.8469727635383606,0.0234375,0.01171875,242.0,5324.0,5324.0,360.0,-0.07568183541297913,0.016208138316869736,0.003996825776994228,0.01171875,-0.2235294133424759,0.08639643341302872,-0.048122718930244446,0.01171875,1.0,0.4009009003639221,8192.0,45.0,0.8443953990936279
11500.0,94208000.0,1221982.825174923,26564.844025541806,77.09437322616577,1.0,1.0,0.699999988079071,0.0,0.4000000059604645,0.9000000357627869,0.20000000298023224,0.20000000298023224,0.550000011920929,0.5363200306892395,0.6151599884033203,0.2733999788761139,0.0,0.09831999242305756,0.4453199505805969,0.12151999771595001,0.027199989184737206,0.2646549940109253,190.375,0.005568025168031454,0.01200419757515192,-0.0003837220137938857,0.05035138875246048,42.56650161743164,0.11954199522733688,0.7357068061828613,4000.0,221208.0,0.25,0.1995561718940735,0.0933542251586914,0.8108788728713989,0.8449304699897766,0.029296875,0.0146484375,242.0,5445.0,5445.0,368.0,-0.09066388756036758,0.03775516897439957,0.00028157595079392195,0.0,-0.23529411852359772,0.10611066967248917,0.009386448189616203,0.01953125,1.6666667461395264,0.40851014852523804,8192.0,46.0,0.8809850215911865
11750.0,96256000.0,1277015.13323325,27170.534749643615,75.37577080726624,0.30000001192092896,0.800000011920929,0.9000000357627869,1.0,1.0,1.0,0.0,1.0,0.75,0.2560800015926361,0.42847996950149536,0.31787997484207153,0.5427999496459961,0.5427999496459961,0.3566799759864807,0.0,0.5356000065803528,0.3725399971008301,153.0,0.0058668311685323715,0.012720906175673008,-0.0004413590067997575,0.05226273462176323,41.43375015258789,0.11763271689414978,0.7267295122146606,4000.0,226080.0,0.2481752634048462,0.19407257437705994,0.08198734372854233,0.8113821744918823,0.8442491888999939,0.01171875,0.005859375,242.0,5566.0,5566.0,376.0,-0.06347263604402542,0.01983262598514557,0.00016449051327072084,0.0,0.10294117778539658,0.08287222683429718,-0.034844327718019485,0.0078125,0.6666666865348816,0.39748942852020264,8192.0,47.0,0.8886107802391052
12000.0,98304000.0,1270910.345278504,26477.298859968836,77.34927988052368,0.699999988079071,1.0,1.0,1.0,1.0,0.800000011920929,0.10000000149011612,1.0,0.8250000476837158,0.4883200228214264,0.493120014667511,0.4902399480342865,0.5168799757957458,0.4477599561214447,0.2938399910926819,0.04347999766469002,0.678879976272583,0.43156498670578003,148.75,0.0058133662678301334,0.012512879446148872,-0.00039508743793703616,0.04798577353358269,41.921627044677734,0.11420602351427078,0.7419476509094238,4000.0,230952.0,0.2455902099609375,0.1913495510816574,0.07871588319540024,0.8158945441246033,0.844201922416687,0.0234375,0.01171875,242.0,5687.0,5687.0,384.0,-0.05514686182141304,0.04534076899290085,0.00019308968330733478,0.0,0.6235294342041016,0.09510581195354462,0.005311356391757727,0.015625,1.3333333730697632,0.3676674962043762,8192.0,48.0,0.877947211265564
12250.0,100352000.0,1302743.1331959625,26586.59455501964,77.03130221366882,0.9000000357627869,1.0,0.699999988079071,0.699999988079071,0.9000000357627869,0.5,0.30000001192092896,1.0,0.75,0.650160014629364,0.5982400178909302,0.2640399634838104,0.3266799747943878,0.37331995368003845,0.13927999138832092,0.16787998378276825,0.6608800292015076,0.3975600004196167,155.625,0.005862716119736433,0.012596417218446732,-0.0003861381555907428,0.04935489967465401,42.623878479003906,0.11888039112091064,0.7310580015182495,4000.0,235824.0,0.2490234375,0.19385147094726562,0.07865341752767563,0.8195155262947083,0.8418309688568115,0.0,0.0,242.0,5808.0,5808.0,392.0,-0.08169034868478775,0.014552401378750801,0.00010630846372805536,0.0,0.32647058367729187,0.07974079251289368,-0.0951007530093193,0.0,0.0,0.4211886525154114,8192.0,49.0,0.9149872064590454
12500.0,102400000.0,1346034.3034392905,26920.68606878581,76.07532715797424,0.30000001192092896,1.0,0.30000001192092896,0.800000011920929,0.9000000357627869,0.30000001192092896,0.0,1.0,0.5750000476837158,0.19415998458862305,0.5442399978637695,0.10739999264478683,0.3910399377346039,0.4301999509334564,0.10955999046564102,0.0,0.5492799878120422,0.2907349765300751,189.5,0.00590193597599864,0.012669604271650314,-0.0003888355568051338,0.04403050243854523,42.327125549316406,0.1181696206331253,0.7279850840568542,4000.0,240696.0,0.2472703456878662,0.18891672790050507,0.07050083577632904,0.8204250931739807,0.839929461479187,0.01171875,0.005859375,242.0,5929.0,5929.0,400.0,-0.05726058781147003,0.010560872964560986,5.5218697525560856e-05,0.0,0.03235294297337532,0.06500526517629623,-0.07893774658441544,0.0078125,0.6666666865348816,0.4278612732887268,8192.0,50.0,0.8966224789619446
12750.0,104448000.0,1354350.2623149639,26555.88749637184,77.12037491798401,1.0,0.9000000357627869,1.0,1.0,1.0,1.0,0.30000001192092896,1.0,0.8999999761581421,0.42399999499320984,0.5551199913024902,0.49059996008872986,0.5427999496459961,0.46359992027282715,0.5931999683380127,0.0965999886393547,0.5219199657440186,0.46097996830940247,143.375,0.006043301895260811,0.012920900247991085,-0.0003691978636197746,0.04795032739639282,42.829627990722656,0.12146411091089249,0.7215184569358826,4000.0,245568.0,0.2455902099609375,0.19003580510616302,0.07632843405008316,0.8188397288322449,0.8388969302177429,0.017578125,0.0087890625,242.0,6050.0,6050.0,408.0,-0.02667572721838951,0.02378818765282631,9.051631786860526e-05,0.0,0.07647059112787247,0.06225816532969475,-0.05718865618109703,0.01171875,1.0,0.46848613023757935,8192.0,51.0,0.872529923915863
13000.0,106496000.0,1382187.0515342408,26580.520221812323,77.04890584945679,0.9000000357627869,0.6000000238418579,0.699999988079071,1.0,0.9000000357627869,1.0,0.4000000059604645,0.800000011920929,0.7875000238418579,0.4395599365234375,0.2961599826812744,0.314439982175827,0.535599946975708,0.3301199674606323,0.5805999636650085,0.13251999020576477,0.2059999704360962,0.3543749749660492,185.625,0.006008754950016737,0.012890051119029522,-0.00038818319444544613,0.048087481409311295,43.448753356933594,0.12104476243257523,0.7185230851173401,4000.0,250440.0,0.25,0.19587281346321106,0.08441303670406342,0.8170778155326843,0.8366894721984863,0.015625,0.0078125,242.0,6171.0,6171.0,416.0,-0.07437637448310852,0.02169438637793064,0.0004401358892209828,0.0,-0.2441176474094391,0.08339595049619675,-0.04400184005498886,0.010416666977107525,0.888888955116272,0.4809195101261139,8192.0,52.0,0.854060709476471
13250.0,108544000.0,1419715.6486764557,26787.087710876523,76.45474648475647,0.9000000357627869,0.5,0.9000000357627869,1.0,1.0,1.0,0.10000000149011612,0.800000011920929,0.7750000357627869,0.4456799626350403,0.24619999527931213,0.3898800015449524,0.5427999496459961,0.47655993700027466,0.4556799829006195,0.02799999713897705,0.35359999537467957,0.36729997396469116,152.75,0.005866034887731075,0.012656561098992825,-0.00041777949081733823,0.0444665364921093,43.04012680053711,0.11912298947572708,0.7136348485946655,4000.0,255312.0,0.2492983192205429,0.19801124930381775,0.08868002891540527,0.8158116340637207,0.8345401883125305,0.01171875,0.005859375,242.0,6292.0,6292.0,424.0,-0.1352858692407608,0.03513422608375549,0.003910118248313665,0.01171875,-0.11764705926179886,0.11812987178564072,-0.11533884704113007,0.00390625,0.3333333432674408,0.48871126770973206,8192.0,53.0,0.8666491508483887
13500.0,110592000.0,1430848.1487097424,26497.187939069307,77.29122066497803,0.5,0.10000000149011612,1.0,1.0,0.9000000357627869,1.0,0.800000011920929,1.0,0.7875000238418579,0.31280001997947693,0.07336000353097916,0.46647998690605164,0.5427999496459961,0.48851996660232544,0.2879199683666229,0.32551994919776917,0.5291199684143066,0.3783149719238281,187.5,0.005953411106020212,0.012787609361112118,-0.00040134519804269075,0.03904882073402405,43.907127380371094,0.1123126894235611,0.7494675517082214,4000.0,260184.0,0.2455902099609375,0.19429254531860352,0.08620468527078629,0.8198769688606262,0.8341390490531921,0.017578125,0.0087890625,242.0,6413.0,6413.0,432.0,-0.05829593539237976,0.017624370753765106,0.007386720739305019,0.0234375,0.2558823525905609,0.07621706277132034,-0.08511906117200851,0.00390625,0.1666666716337204,0.3359842598438263,8192.0,54.0,0.892497718334198
13750.0,112640000.0,1461101.2186481033,26565.476702692788,77.09253716468811,0.4000000059604645,1.0,0.800000011920929,1.0,1.0,0.9000000357627869,0.699999988079071,0.9000000357627869,0.8374999761581421,0.33952000737190247,0.6112000346183777,0.3737599849700928,0.5427999496459961,0.5190399289131165,0.26603996753692627,0.36555996537208557,0.3837599754333496,0.42520996928215027,171.5,0.005992930848151445,0.01283551100641489,-0.00038912054151296616,0.03570406511425972,43.02675247192383,0.1109425276517868,0.7391649484634399,4000.0,265056.0,0.25,0.19440747797489166,0.07840743660926819,0.8247618675231934,0.8330914974212646,0.01171875,0.005859375,242.0,6534.0,6534.0,440.0,-0.02135217934846878,0.03305192291736603,0.00021101138554513454,0.0,0.008823529817163944,0.07298779487609863,-0.025320516899228096,0.0078125,0.6666666865348816,0.36104482412338257,8192.0,55.0,0.8824223875999451
14000.0,114688000.0,1488000.7700642033,26571.442322575058,77.07522892951965,1.0,1.0,0.6000000238418579,1.0,0.9000000357627869,1.0,1.0,1.0,0.9375,0.8459200263023376,0.47655996680259705,0.3011999726295471,0.5427999496459961,0.48851996660232544,0.357759952545166,0.5535999536514282,0.5672799944877625,0.5167049169540405,120.5,0.005873731803148985,0.01263275183737278,-0.0004042732762172818,0.03837067261338234,42.5623779296875,0.11232630908489227,0.7502937912940979,4000.0,269928.0,0.242841899394989,0.19089579582214355,0.082093745470047,0.8252602815628052,0.8299716711044312,0.01171875,0.005859375,242.0,6655.0,6655.0,448.0,-0.09353014826774597,0.020982008427381516,0.00344089325517416,0.01171875,0.07058823853731155,0.09365396201610565,-0.10444141179323196,0.00390625,0.3333333432674408,0.380882203578949,8192.0,56.0,0.8980616927146912
14250.0,116736000.0,1527713.9659109109,26801.999401945803,76.4122097492218,0.9000000357627869,0.9000000357627869,0.20000000298023224,0.9000000357627869,1.0,1.0,0.30000001192092896,0.800000011920929,0.75,0.7149600386619568,0.5299200415611267,0.06536000221967697,0.48851996660232544,0.3375999629497528,0.5320000052452087,0.10739999264478683,0.42055997252464294,0.3995400071144104,173.0,0.005888552870601416,0.012666570954024792,-0.0004080220533069223,0.036710962653160095,45.2660026550293,0.11733744293451309,0.7264940738677979,4000.0,274800.0,0.25,0.1939580887556076,0.07781612128019333,0.8225921392440796,0.8273186683654785,0.005859375,0.0029296875,242.0,6776.0,6776.0,456.0,-0.0377778485417366,0.0331757590174675,0.0005866987048648298,0.0,-0.0058823530562222,0.07114581763744354,-0.0054029314778745174,0.00390625,0.3333333432674408,0.3756565451622009,8192.0,57.0,0.8819242715835571
14500.0,118784000.0,1550788.0038851984,26737.724204917213,76.5958981513977,1.0,0.6000000238418579,0.0,0.6000000238418579,0.9000000357627869,1.0,0.10000000149011612,1.0,0.6499999761581421,0.8538400530815125,0.22307996451854706,0.0,0.20183996856212616,0.31859999895095825,0.3102400004863739,0.05931999906897545,0.4862799644470215,0.30664998292922974,179.75,0.006031883414834738,0.012952403165400028,-0.0004053142329212278,0.039003849029541016,44.58550262451172,0.1139029935002327,0.7416560053825378,4000.0,279672.0,0.25,0.1948607712984085,0.08107940107584,0.8218512535095215,0.825188159942627,0.017578125,0.0087890625,242.0,6897.0,6897.0,464.0,-0.03523845970630646,0.009730545803904533,0.0034490793477743864,0.01171875,-0.061764705926179886,0.05988594517111778,-0.057646531611680984,0.0078125,0.6666666865348816,0.37588417530059814,8192.0,58.0,0.8787254095077515
14750.0,120832000.0,1571495.939705867,26635.52440179436,76.88979458808899,0.9000000357627869,1.0,0.0,1.0,1.0,1.0,0.9000000357627869,0.9000000357627869,0.8375000357627869,0.6609600186347961,0.6659199595451355,0.0,0.5427999496459961,0.5283999443054199,0.34731993079185486,0.5021999478340149,0.6285600066184998,0.48451995849609375,149.25,0.005833622068166733,0.012545174919068813,-0.000400874501792714,0.03809114173054695,44.91887664794922,0.11206194013357162,0.7312385439872742,4000.0,284544.0,0.24417224526405334,0.19284318387508392,0.08418892323970795,0.8224227428436279,0.8232259154319763,0.01171875,0.005859375,242.0,7018.0,7018.0,472.0,-0.04402376711368561,0.012975519523024559,0.00031635956838727,0.0,0.04117647185921669,0.061506714671850204,-0.05315934866666794,0.0078125,0.6666666865348816,0.39308005571365356,8192.0,59.0,0.8970573544502258
15000.0,122880000.0,1592416.6192537537,26540.276987562564,77.16573572158813,1.0,0.699999988079071,0.0,0.800000011920929,1.0,1.0,0.0,1.0,0.6875,0.820360004901886,0.3299199938774109,0.0,0.4342399537563324,0.5427999496459961,0.43407994508743286,0.0,0.7552000284194946,0.4145749807357788,153.25,0.005973867606371641,0.012780720368027687,-0.00037754536606371403,0.03894761949777603,45.034751892089844,0.11658389866352081,0.7386906147003174,4000.0,289416.0,0.25,0.19284912943840027,0.07577118277549744,0.8226460218429565,0.8219360709190369,0.025390625,0.0126953125,242.0,7139.0,7139.0,480.0,0.007240407634526491,0.025997038930654526,0.0038156022783368826,0.01171875,-0.12941177189350128,0.05906187742948532,0.17619051039218903,0.01302083395421505,1.1111111640930176,0.3848709166049957,8192.0,60.0,0.8801117539405823
15250.0,124928000.0,1612551.75017376,26435.274593012462,77.47224235534668,1.0,0.699999988079071,0.0,1.0,1.0,0.9000000357627869,0.10000000149011612,1.0,0.7124999761581421,0.8559999465942383,0.18771998584270477,0.0,0.5067999362945557,0.4556799829006195,0.2728799879550934,0.05067999288439751,0.5550400018692017,0.36059999465942383,164.25,0.005785003304481506,0.012426797300577164,-0.00039493487565778196,0.03346041962504387,44.806251525878906,0.11224216967821121,0.7462390661239624,4000.0,294288.0,0.24609375,0.1925661265850067,0.08130357414484024,0.8247177004814148,0.8215492367744446,0.0078125,0.00390625,242.0,7260.0,7260.0,488.0,-0.044971615076065063,0.019893880933523178,0.00024590097018517554,0.0,0.19411765038967133,0.07923182845115662,0.08054030686616898,0.0052083334885537624,0.444444477558136,0.34795552492141724,8192.0,61.0,0.9145247340202332
15500.0,126976000.0,1641282.8711487015,26472.304373366154,77.36387324333191,1.0,0.5,0.4000000059604645,1.0,1.0,0.699999988079071,0.0,0.0,0.5750000476837158,0.8639200329780579,0.158720001578331,0.15447998046875,0.5427999496459961,0.5291199684143066,0.20031999051570892,0.0,0.0,0.3061699867248535,192.75,0.005692796315997839,0.012187722139060497,-0.0003662862000055611,0.03477836027741432,46.013126373291016,0.11282671988010406,0.7316403985023499,4000.0,299160.0,0.24915362894535065,0.19054198265075684,0.07228512316942215,0.8230758309364319,0.817343533039093,0.017578125,0.0087890625,242.0,7381.0,7381.0,496.0,-0.03998845815658569,0.015855688601732254,0.00017399544594809413,0.0,0.12058823555707932,0.06293848156929016,-0.02152015082538128,0.01171875,1.0,0.42400121688842773,8192.0,62.0,0.8855985403060913
15750.0,129024000.0,1680721.7633798546,26678.12322825166,76.76701927185059,1.0,1.0,0.0,0.6000000238418579,1.0,0.30000001192092896,0.10000000149011612,1.0,0.625,0.8596000671386719,0.436240017414093,0.0,0.2702399790287018,0.5427999496459961,0.08579999208450317,0.05067999288439751,0.5521599650382996,0.34968996047973633,177.25,0.005581631325185299,0.011954129673540592,-0.0003633592277765274,0.032074179500341415,45.35000228881836,0.11055468767881393,0.7603970170021057,4000.0,304032.0,0.25,0.19476324319839478,0.07895034551620483,0.8237144947052002,0.8162292838096619,0.005859375,0.0029296875,242.0,7502.0,7502.0,504.0,-0.04827577993273735,0.009531231597065926,0.0006209867424331605,0.0,0.3323529362678528,0.059221602976322174,-0.04331502690911293,0.00390625,0.3333333432674408,0.466977059841156,8192.0,63.0,0.8807196021080017
16000.0,131072000.0,1697111.3876374422,26517.365431835035,77.23240852355957,1.0,0.9000000357627869,0.0,1.0,0.9000000357627869,0.800000011920929,0.5,1.0,0.7625000476837158,0.6597999930381775,0.5918399691581726,0.0,0.5427999496459961,0.48851996660232544,0.20959997177124023,0.2800399959087372,0.6011199951171875,0.4217149615287781,154.25,0.006191292777657509,0.013188907876610756,-0.0003711362660396844,0.03202527016401291,46.02537536621094,0.10917694866657257,0.762413501739502,4000.0,308904.0,0.24838238954544067,0.19424636662006378,0.08137434720993042,0.8297313451766968,0.8162906765937805,0.033203125,0.0166015625,242.0,7623.0,7623.0,512.0,-0.0315040647983551,0.050369974225759506,0.0006752129411324859,0.0,-0.23529411852359772,0.10316479951143265,0.14610809087753296,0.0221354179084301,1.8888890743255615,0.39109736680984497,8192.0,64.0,0.8933602571487427
16250.0,133120000.0,1774334.0348841145,27297.446690524837,75.02533197402954,1.0,0.699999988079071,0.4000000059604645,1.0,1.0,1.0,1.0,1.0,0.887499988079071,0.6579999923706055,0.3810400068759918,0.18543998897075653,0.5427999496459961,0.5427999496459961,0.3426399827003479,0.15111999213695526,0.2619999349117279,0.38322997093200684,144.375,0.006304183509200811,0.0134915541857481,-0.0004090957227163017,0.032497476786375046,44.603126525878906,0.11448825895786285,0.7372319102287292,4000.0,313776.0,0.25,0.1939147710800171,0.078153096139431,0.8282577395439148,0.8151092529296875,0.005859375,0.0029296875,242.0,7744.0,7744.0,520.0,-0.15928776562213898,0.05500267446041107,0.000576706079300493,0.0,-0.5617647171020508,0.14195512235164642,-0.042582426220178604,0.00390625,0.3333333432674408,0.3343045115470886,8192.0,65.0,0.8968698978424072
16500.0,135168000.0,1741332.3865389638,26383.82403846915,77.62331938743591,0.6000000238418579,1.0,0.10000000149011612,1.0,1.0,1.0,1.0,1.0,0.8374999761581421,0.48083996772766113,0.700480043888092,0.04780000075697899,0.535599946975708,0.5427999496459961,0.27243995666503906,0.557919979095459,0.5521599650382996,0.4612549841403961,142.0,0.0061571733094751835,0.013202229514718056,-0.0004164516576565802,0.027489110827445984,45.46550369262695,0.1109950989484787,0.7639536261558533,4000.0,318648.0,0.24852612614631653,0.1931566745042801,0.07788091152906418,0.8320720791816711,0.8155907392501831,0.013671875,0.0068359375,242.0,7865.0,7865.0,528.0,-0.038965076208114624,0.01480509340763092,0.015190625563263893,0.015625,-0.4470588266849518,0.0756034106016159,0.1257326304912567,0.00390625,0.25,0.3729345202445984,8192.0,66.0,0.8963956832885742
16750.0,137216000.0,1783980.4559582884,26626.573969526693,76.91564083099365,1.0,0.800000011920929,0.0,1.0,1.0,1.0,0.9000000357627869,1.0,0.8374999761581421,0.8379999995231628,0.44432002305984497,0.0,0.5427999496459961,0.539199948310852,0.3091599643230438,0.5079599618911743,0.43839994072914124,0.4524799585342407,161.5,0.006002925336360931,0.012754334136843681,-0.0003445798938628286,0.029662160202860832,45.95787811279297,0.10904620587825775,0.7592471241950989,4000.0,323520.0,0.24991393089294434,0.19417648017406464,0.07734262943267822,0.836134672164917,0.8147033452987671,0.005859375,0.0029296875,242.0,7986.0,7986.0,536.0,-0.044855184853076935,0.06344792246818542,0.061892297118902206,0.0,-0.4176470637321472,0.10473208129405975,-0.059432245790958405,0.00390625,0.3333333432674408,0.3452136218547821,8192.0,67.0,0.9134345054626465
17000.0,139264000.0,1816309.1156525942,26710.42817136168,76.67417335510254,1.0,1.0,0.0,1.0,1.0,1.0,1.0,1.0,0.875,0.7602400183677673,0.648639976978302,0.0,0.5427999496459961,0.535599946975708,0.2799999713897705,0.5643999576568604,0.2828799784183502,0.4518199563026428,147.25,0.005919557996094227,0.012577163986861706,-0.0003392479266040027,0.02977673150599003,46.3076286315918,0.11153242737054825,0.7570138573646545,4000.0,328392.0,0.25,0.19095325469970703,0.0694858655333519,0.8385432958602905,0.8120478987693787,0.005859375,0.0029296875,242.0,8107.0,8107.0,544.0,-0.0673130452632904,0.04066358134150505,0.00016339501598849893,0.0,0.3852941393852234,0.10689768940210342,0.07046704739332199,0.00390625,0.3333333432674408,0.3498256802558899,8192.0,68.0,0.9099237322807312
17250.0,141312000.0,1829917.0685309917,26520.537225086835,77.22317171096802,1.0,1.0,0.4000000059604645,1.0,1.0,1.0,0.30000001192092896,1.0,0.8374999761581421,0.5708799958229065,0.5975199937820435,0.16527998447418213,0.5427999496459961,0.5427999496459961,0.2749599814414978,0.1664399951696396,0.6032800078392029,0.4329949915409088,163.375,0.0061918701976537704,0.013169430196285248,-0.00036264469963498414,0.030200811102986336,45.30412673950195,0.10706207901239395,0.7702293992042542,4000.0,333264.0,0.24981307983398438,0.19005990028381348,0.06871578097343445,0.8435509204864502,0.8126552104949951,0.025390625,0.0126953125,242.0,8228.0,8228.0,552.0,0.026430245488882065,0.06861203908920288,0.00013706584286410362,0.0,0.026470588520169258,0.07148687541484833,0.0852106362581253,0.01692708395421505,1.4444445371627808,0.3420082628726959,8192.0,69.0,0.9234525561332703
17500.0,143360000.0,1864078.3034172787,26629.690048818265,76.90664052963257,1.0,0.9000000357627869,0.0,1.0,1.0,0.699999988079071,1.0,1.0,0.8250000476837158,0.7861599922180176,0.6656399965286255,0.0,0.5427999496459961,0.5427999496459961,0.1682799756526947,0.5568399429321289,0.6904000043869019,0.4941149950027466,128.5,0.0058416081592440605,0.012474922463297844,-0.00036554367397911847,0.03030969388782978,45.765750885009766,0.10700781643390656,0.7679389715194702,4000.0,338136.0,0.25,0.18843001127243042,0.06439497321844101,0.8448948264122009,0.8112665414810181,0.017578125,0.0087890625,242.0,8349.0,8349.0,560.0,0.002099147532135248,0.024066343903541565,6.928338552825153e-05,0.0,-0.07058823853731155,0.07276410609483719,0.285714328289032,0.01171875,1.0,0.38471996784210205,8192.0,70.0,0.9102638959884644
17750.0,145408000.0,1867319.9507156536,26300.280995995123,77.86989045143127,1.0,0.30000001192092896,0.800000011920929,1.0,0.4000000059604645,0.699999988079071,0.10000000149011612,0.699999988079071,0.625,0.8315200805664062,0.17687998712062836,0.28303995728492737,0.5427999496459961,0.1818399876356125,0.16467997431755066,0.05859999731183052,0.48291999101638794,0.3402850031852722,184.875,0.0058719925582408905,0.01255671214312315,-0.0003778390819206834,0.02852402627468109,45.96562576293945,0.11002835631370544,0.7494750022888184,4000.0,343008.0,0.24716734886169434,0.189668208360672,0.07073274254798889,0.8441584706306458,0.8095729947090149,0.01953125,0.009765625,242.0,8470.0,8470.0,568.0,-0.042312607169151306,0.014984337612986565,9.440939174965024e-05,0.0,-0.03235294297337532,0.06967540085315704,-0.034661177545785904,0.01302083395421505,1.1111111640930176,0.41897696256637573,8192.0,71.0,0.9083369374275208
18000.0,147456000.0,1914320.6254993083,26587.78646526817,77.02784895896912,1.0,1.0,0.10000000149011612,1.0,0.6000000238418579,0.9000000357627869,0.9000000357627869,1.0,0.8125,0.7681600451469421,0.727120041847229,0.01179999765008688,0.5427999496459961,0.3112799823284149,0.24227996170520782,0.5072399973869324,0.7623999714851379,0.4841350018978119,131.5,0.006141616962850094,0.013056832365691662,-0.00035543914418667555,0.031360071152448654,46.461002349853516,0.11295241117477417,0.7079262137413025,4000.0,347880.0,0.25,0.19182302057743073,0.07253134250640869,0.8348847031593323,0.807238757610321,0.037109375,0.0185546875,242.0,8591.0,8591.0,576.0,-0.04382579028606415,0.03300095349550247,0.015176694840192795,0.015625,-0.15294118225574493,0.08950114250183105,-0.06492675095796585,0.01953125,1.25,0.47321081161499023,8192.0,72.0,0.858013927936554
18250.0,149504000.0,1933598.7303886723,26487.65384094072,77.31904125213623,0.9000000357627869,1.0,0.9000000357627869,1.0,1.0,0.5,1.0,1.0,0.9125000238418579,0.7365599870681763,0.6616000533103943,0.43595996499061584,0.5427999496459961,0.5427999496459961,0.1374799907207489,0.5643999576568604,0.7551999688148499,0.5470999479293823,121.75,0.005719456821680069,0.01213832013309002,-0.000322425999911502,0.027277356013655663,47.3436279296875,0.10826729238033295,0.759558379650116,4000.0,352752.0,0.25,0.19786013662815094,0.08729223906993866,0.8366292715072632,0.8069735169410706,0.0390625,0.01953125,242.0,8712.0,8712.0,584.0,-0.13147541880607605,0.08419705927371979,0.05529254302382469,0.01171875,0.052941177040338516,0.15205970406532288,-0.021153850480914116,0.0221354179084301,1.8888890743255615,0.39239364862442017,8192.0,73.0,0.8804677128791809
18500.0,151552000.0,1955730.129720882,26428.785536768675,77.49126410484314,0.699999988079071,0.30000001192092896,0.9000000357627869,1.0,1.0,1.0,1.0,1.0,0.862500011920929,0.5491600036621094,0.158160001039505,0.45611992478370667,0.5427999496459961,0.5427999496459961,0.4959999620914459,0.5586399435997009,0.7623999714851379,0.5082599520683289,149.625,0.006421267986297607,0.013493845239281654,-0.00029983758577145636,0.0258168987929821,47.31975173950195,0.1096392497420311,0.7374546527862549,4000.0,357624.0,0.2465524524450302,0.19274994730949402,0.08049948513507843,0.8389046788215637,0.8079549670219421,0.02734375,0.013671875,242.0,8833.0,8833.0,592.0,-0.10155297815799713,0.05657802149653435,0.015243426896631718,0.015625,0.3382352888584137,0.1306096613407135,0.1289377510547638,0.01302083395421505,0.8333333730697632,0.3607427477836609,8192.0,74.0,0.9022690653800964
18750.0,153600000.0,1984302.2322937145,26457.363097249527,77.40756297111511,0.699999988079071,0.5,0.699999988079071,1.0,1.0,1.0,1.0,1.0,0.862500011920929,0.43719998002052307,0.2537599802017212,0.35475996136665344,0.5427999496459961,0.5427999496459961,0.26631996035575867,0.562239944934845,0.704800009727478,0.45808497071266174,153.625,0.006090567912906408,0.012930434197187424,-0.00034780462738126516,0.02684483304619789,46.59187698364258,0.10881002992391586,0.758987545967102,4000.0,362496.0,0.25,0.19255012273788452,0.07166072726249695,0.8417510390281677,0.8070515990257263,0.005859375,0.0029296875,242.0,8954.0,8954.0,600.0,-0.08465200662612915,0.036326080560684204,0.00010235526133328676,0.0,-0.27352941036224365,0.11183053255081177,0.0922161340713501,0.00390625,0.3333333432674408,0.3719910681247711,8192.0,75.0,0.9048550128936768
19000.0,155648000.0,2001228.6142299518,26331.9554503941,77.77622151374817,0.30000001192092896,1.0,0.10000000149011612,1.0,1.0,1.0,1.0,1.0,0.800000011920929,0.14087998867034912,0.5629599690437317,0.05067999288439751,0.5427999496459961,0.5427999496459961,0.2720799744129181,0.5629599690437317,0.7623999714851379,0.4296949505805969,146.0,0.0064057037234306335,0.0136175025254488,-0.00037167727714404464,0.03137033060193062,44.96600341796875,0.11487480998039246,0.7565388083457947,4000.0,367368.0,0.24609375,0.18964248895645142,0.07324828952550888,0.8424850106239319,0.8057999610900879,0.044921875,0.0224609375,242.0,9075.0,9075.0,608.0,0.013204174116253853,0.04073673114180565,0.03470051661133766,0.01171875,-0.23529411852359772,0.07661756128072739,0.16231687366962433,0.0260416679084301,2.222222328186035,0.40386345982551575,8192.0,76.0,0.9171618223190308
19250.0,157696000.0,2032320.5978983212,26393.773998679495,77.5940568447113,0.9000000357627869,0.9000000357627869,0.5,1.0,1.0,1.0,1.0,1.0,0.9125000238418579,0.6879599690437317,0.5990400314331055,0.25339996814727783,0.5427999496459961,0.5427999496459961,0.44199997186660767,0.5643999576568604,0.6403599977493286,0.5340949892997742,155.125,0.006303936243057251,0.013369259424507618,-0.00035317768924869597,0.027516422793269157,47.375125885009766,0.1123768612742424,0.7298910617828369,4000.0,372240.0,0.25,0.19173163175582886,0.07176802307367325,0.8382072448730469,0.8026871681213379,0.01171875,0.005859375,242.0,9196.0,9196.0,616.0,-0.04551690071821213,0.007897553965449333,0.00018711980374064296,0.0,0.30588236451148987,0.05652472376823425,0.037637367844581604,0.0078125,0.6666666865348816,0.37024620175361633,8192.0,77.0,0.8969570398330688
19500.0,159744000.0,2045870.9993122637,26229.115375798254,78.08116936683655,0.800000011920929,0.6000000238418579,0.9000000357627869,1.0,1.0,1.0,1.0,1.0,0.9125000238418579,0.5458399653434753,0.4142399728298187,0.45611992478370667,0.5427999496459961,0.5427999496459961,0.2720799744129181,0.5744799971580505,0.6976000070571899,0.5057449340820312,140.625,0.006127290893346071,0.0130392424762249,-0.0003646890399977565,0.02764095366001129,46.704376220703125,0.10919506847858429,0.7511447072029114,4000.0,377112.0,0.2490234375,0.19359639286994934,0.0774911418557167,0.8372271060943604,0.8011800646781921,0.0,0.0,242.0,9317.0,9317.0,624.0,-0.015901194885373116,0.020309243351221085,0.00017473154002800584,0.0,-0.020588235929608345,0.07763371616601944,0.2249084711074829,0.0,0.0,0.34675151109695435,8192.0,78.0,0.8865976333618164
19750.0,161792000.0,2094885.0293947845,26517.5320176555,77.2319233417511,1.0,0.10000000149011612,1.0,1.0,1.0,1.0,1.0,1.0,0.887499988079071,0.8243200182914734,0.066880002617836,0.5067999362945557,0.5427999496459961,0.5427999496459961,0.28143998980522156,0.5593599677085876,0.7336000204086304,0.5072499513626099,135.625,0.006227970588952303,0.013141423463821411,-0.00032077409559860826,0.02196693606674671,47.727752685546875,0.1050366684794426,0.7615091800689697,4000.0,381984.0,0.2490234375,0.19317786395549774,0.07703525573015213,0.839296281337738,0.8014426827430725,0.0234375,0.01171875,242.0,9438.0,9438.0,632.0,-0.04919832944869995,0.03700049966573715,0.004978233482688665,0.0234375,0.30000001192092896,0.09164740890264511,0.046749092638492584,0.0078125,0.3333333432674408,0.38033363223075867,8192.0,79.0,0.8989112973213196
20000.0,163840000.0,2122899.949132187,26536.249364152332,77.17744779586792,1.0,0.20000000298023224,0.9000000357627869,1.0,1.0,1.0,1.0,0.9000000357627869,0.875,0.6976000070571899,0.13736000657081604,0.39563995599746704,0.5427999496459961,0.4995999336242676,0.3426399827003479,0.4851999282836914,0.6645599603652954,0.47067496180534363,132.0,0.005974016152322292,0.012683612294495106,-0.0003444158937782049,0.02337430603802204,47.428253173828125,0.10389698296785355,0.7653277516365051,4000.0,386856.0,0.24974419176578522,0.192098006606102,0.0712435320019722,0.8423854112625122,0.8009934425354004,0.005859375,0.0029296875,242.0,9559.0,9559.0,640.0,-0.07057754695415497,0.03436918556690216,0.0004220976843498647,0.0,0.06470588594675064,0.10596594214439392,0.11414837092161179,0.00390625,0.3333333432674408,0.3114219307899475,8192.0,80.0,0.9090158939361572
20250.0,165888000.0,2163994.296657995,26715.978971086355,76.65824270248413,1.0,0.5,1.0,1.0,1.0,1.0,1.0,1.0,0.9375,0.7080399394035339,0.28832000494003296,0.5067999362945557,0.5427999496459961,0.5427999496459961,0.24327996373176575,0.5129199624061584,0.7336000204086304,0.5098199844360352,143.625,0.00629612198099494,0.013251242227852345,-0.00030519740539602935,0.024302056059241295,47.90062713623047,0.11154186725616455,0.7352769374847412,4000.0,391728.0,0.25,0.19111774861812592,0.07088346779346466,0.8421416282653809,0.7990755438804626,0.0,0.0,242.0,9680.0,9680.0,648.0,-0.05302659422159195,0.02033800072968006,0.00012946539209224284,0.0,-0.19705882668495178,0.07362066209316254,0.048122718930244446,0.0,0.0,0.36055201292037964,8192.0,81.0,0.8991637229919434
20500.0,167936000.0,2184354.7368245726,26638.472400299663,76.88128542900085,1.0,0.20000000298023224,1.0,1.0,1.0,1.0,0.800000011920929,1.0,0.875,0.7624000310897827,0.12007999420166016,0.5067999362945557,0.5427999496459961,0.5427999496459961,0.2821599841117859,0.4515199661254883,0.7177600264549255,0.4907900094985962,145.625,0.00602775439620018,0.012861249037086964,-0.00037705356953665614,0.02581571787595749,47.81787872314453,0.11195584386587143,0.7299779057502747,4000.0,396600.0,0.25,0.19259779155254364,0.07249727100133896,0.8410180807113647,0.7967624664306641,0.005859375,0.0029296875,242.0,9801.0,9801.0,656.0,0.021272992715239525,0.024253681302070618,2.2825228370493278e-05,0.0,-0.2823529541492462,0.06676359474658966,0.4273810386657715,0.00390625,0.3333333432674408,0.35344839096069336,8192.0,82.0,0.9050530195236206
20750.0,169984000.0,2220982.7990103294,26758.828903738908,76.53548693656921,0.699999988079071,0.699999988079071,0.0,1.0,1.0,1.0,1.0,1.0,0.800000011920929,0.5538400411605835,0.462399959564209,0.0,0.3872799575328827,0.5427999496459961,0.2871999740600586,0.5226399302482605,0.7623999714851379,0.43981999158859253,132.875,0.0059641283005476,0.01267738826572895,-0.00034931316622532904,0.025251969695091248,48.414127349853516,0.1103091761469841,0.7507937550544739,4000.0,401472.0,0.24761581420898438,0.1904158741235733,0.07163334637880325,0.8400450348854065,0.7948735952377319,0.015625,0.0078125,242.0,9922.0,9922.0,664.0,0.01195080578327179,0.026545092463493347,0.015427048318088055,0.015625,-0.0941176488995552,0.04027716815471649,0.05215202271938324,0.0052083334885537624,0.3333333432674408,0.437198668718338,8192.0,83.0,0.9035155177116394
21000.0,172032000.0,2240010.988567534,26666.797482946833,76.7996232509613,0.4000000059604645,0.0,0.5,1.0,1.0,1.0,1.0,1.0,0.737500011920929,0.2783200144767761,0.0,0.22315998375415802,0.5327199697494507,0.5427999496459961,0.28359997272491455,0.5636799931526184,0.7623999714851379,0.39833498001098633,174.25,0.006189872045069933,0.013072214089334011,-0.0003221741644665599,0.024060644209384918,48.210628509521484,0.10969292372465134,0.7419984936714172,4000.0,406344.0,0.24761581420898438,0.19115503132343292,0.07404247671365738,0.8380535244941711,0.791804850101471,0.0,0.0,242.0,10043.0,10043.0,672.0,-0.001103246584534645,0.009934376925230026,6.509383820230141e-05,0.0,-0.6970588564872742,0.05352559685707092,0.24519234895706177,0.0,0.0,0.358624130487442,8192.0,84.0,0.9041833877563477
21250.0,174080000.0,2271192.9706809074,26719.91730212832,76.64694380760193,1.0,0.4000000059604645,1.0,1.0,1.0,1.0,1.0,1.0,0.925000011920929,0.8070400357246399,0.21928000450134277,0.5067999362945557,0.5399199724197388,0.5211999416351318,0.2781999707221985,0.5550400018692017,0.5017600059509277,0.4911549985408783,125.75,0.006133948918431997,0.012972498312592506,-0.0003277303767390549,0.024570295587182045,47.280250549316406,0.11274589598178864,0.7090853452682495,4000.0,411216.0,0.24983882904052734,0.19201074540615082,0.07291969656944275,0.8328179717063904,0.7894245386123657,0.013671875,0.0068359375,242.0,10164.0,10164.0,680.0,0.01185222715139389,0.021693821996450424,0.0038822104688733816,0.01171875,0.0941176488995552,0.04516274482011795,0.27783888578414917,0.0052083334885537624,0.444444477558136,0.40474188327789307,8192.0,85.0,0.8622234463691711
21500.0,176128000.0,2298257.668902062,26723.926382582114,76.63544535636902,1.0,0.800000011920929,1.0,1.0,1.0,1.0,1.0,1.0,0.9750000238418579,0.7796800136566162,0.5767999887466431,0.5067999362945557,0.5427999496459961,0.5427999496459961,0.2792799770832062,0.5859999656677246,0.7004799842834473,0.564329981803894,111.875,0.0056745074689388275,0.01207058411091566,-0.0003382311842869967,0.02255404181778431,48.4217529296875,0.10400005429983139,0.7654767036437988,4000.0,416088.0,0.25,0.19812467694282532,0.08595441281795502,0.8376168012619019,0.7916839718818665,0.005859375,0.0029296875,242.0,10285.0,10285.0,688.0,-0.061383869498968124,0.021630557253956795,5.39188549737446e-05,0.0,0.1882352977991104,0.07733764499425888,-0.0643773004412651,0.00390625,0.3333333432674408,0.38878095149993896,8192.0,86.0,0.9047415256500244
21750.0,178176000.0,2309542.621115994,26546.466909379247,77.1477427482605,1.0,0.4000000059604645,0.800000011920929,1.0,1.0,1.0,1.0,1.0,0.8999999761581421,0.8009200096130371,0.24663999676704407,0.40543994307518005,0.5427999496459961,0.5427999496459961,0.28647997975349426,0.5629599690437317,0.7552000284194946,0.5179049968719482,119.5,0.006025159265846014,0.012758877128362656,-0.00033005716977640986,0.02422262355685234,48.93912887573242,0.10895495116710663,0.738460898399353,4000.0,420960.0,0.25,0.19182011485099792,0.07114333659410477,0.8348048329353333,0.7901623249053955,0.02734375,0.013671875,242.0,10406.0,10406.0,696.0,-0.027536356821656227,0.018524037674069405,3.813819057540968e-05,0.0,-0.1411764770746231,0.0722125768661499,0.10668499767780304,0.0182291679084301,1.5555557012557983,0.3120887279510498,8192.0,87.0,0.8913791179656982
22000.0,180224000.0,2335982.6632128274,26545.2575365094,77.15125751495361,1.0,0.10000000149011612,1.0,1.0,1.0,1.0,1.0,1.0,0.887499988079071,0.5413600206375122,0.06616000086069107,0.5067999362945557,0.5427999496459961,0.5427999496459961,0.2821599841117859,0.5643999576568604,0.7623999714851379,0.47610998153686523,145.125,0.006354914046823978,0.013461966067552567,-0.0003506969951558858,0.025372013449668884,48.827125549316406,0.11138085275888443,0.7475019097328186,4000.0,425832.0,0.2474951148033142,0.19271314144134521,0.07755811512470245,0.834805965423584,0.7886438369750977,0.021484375,0.0107421875,242.0,10527.0,10527.0,704.0,-0.08604902029037476,0.036792196333408356,0.00013995349581819028,0.0,-0.12058823555707932,0.09310536086559296,-0.11208793520927429,0.014322916977107525,1.2222223281860352,0.38639920949935913,8192.0,88.0,0.8843560218811035
22250.0,182272000.0,2371142.386238281,26642.049283576194,76.87096357345581,1.0,0.10000000149011612,1.0,1.0,0.9000000357627869,1.0,0.9000000357627869,1.0,0.862500011920929,0.758080005645752,0.05751999840140343,0.5067999362945557,0.5125599503517151,0.48851996660232544,0.2641599774360657,0.417959988117218,0.7623999714851379,0.47099995613098145,153.375,0.006382941734045744,0.013553171418607235,-0.00036986832856200635,0.023775853216648102,48.17962646484375,0.11086086183786392,0.7501097917556763,4000.0,430704.0,0.2486095130443573,0.1941467970609665,0.08058632165193558,0.8351398706436157,0.7882165908813477,0.0,0.0,242.0,10648.0,10648.0,712.0,-0.09894132614135742,0.056776128709316254,0.00017270201351493597,0.0,-0.2441176474094391,0.10587673634290695,-0.11277474462985992,0.0,0.0,0.43703553080558777,8192.0,89.0,0.8839051127433777
22500.0,184320000.0,2390106.9202423193,26556.743558247992,77.11788892745972,1.0,0.9000000357627869,1.0,1.0,1.0,1.0,1.0,1.0,0.987500011920929,0.7530400156974792,0.6364800333976746,0.5067999362945557,0.5427999496459961,0.5427999496459961,0.3145599961280823,0.5816799998283386,0.7623999714851379,0.5800699591636658,115.375,0.006119714584201574,0.013021972961723804,-0.0003660893125925213,0.02518261969089508,49.141754150390625,0.1105540320277214,0.7358593940734863,4000.0,435576.0,0.25,0.19500768184661865,0.08035177737474442,0.8328003287315369,0.7858642339706421,0.01171875,0.005859375,242.0,10769.0,10769.0,720.0,-0.12788838148117065,0.04521511495113373,0.00037446882924996316,0.0,-0.2558823525905609,0.10750448703765869,-0.11323262006044388,0.0078125,0.6666666865348816,0.360074907541275,8192.0,90.0,0.8906020522117615
22750.0,186368000.0,2434434.4872571323,26752.02733249596,76.55494570732117,1.0,1.0,0.5,0.10000000149011612,1.0,0.9000000357627869,0.10000000149011612,1.0,0.699999988079071,0.5132799744606018,0.7544800043106079,0.1979599893093109,0.05211999639868736,0.5427999496459961,0.25523996353149414,0.04131999611854553,0.46143999695777893,0.35232996940612793,160.25,0.005808064714074135,0.012307428754866123,-0.0003213888849131763,0.024260930716991425,49.13087844848633,0.11102432012557983,0.7030012607574463,4000.0,440448.0,0.24878673255443573,0.1934511512517929,0.07794971019029617,0.8301886320114136,0.7867348790168762,0.0,0.0,242.0,10890.0,10890.0,728.0,-0.0062110042199492455,0.016668008640408516,0.0010376828722655773,0.0,-0.15882353484630585,0.05545879900455475,0.19711542129516602,0.0,0.0,0.4170386791229248,8192.0,91.0,0.8652564883232117
23000.0,188416000.0,2430769.4573491327,26421.407145099267,77.5129041671753,1.0,0.20000000298023224,0.5,1.0,1.0,1.0,1.0,0.9000000357627869,0.8250000476837158,0.7904800176620483,0.10783999413251877,0.22459998726844788,0.5427999496459961,0.501039981842041,0.2821599841117859,0.48159995675086975,0.3131999969482422,0.4054649770259857,181.875,0.006056885235011578,0.012755456380546093,-0.00029561761766672134,0.025225182995200157,49.68850326538086,0.11196838319301605,0.7354296445846558,4000.0,445320.0,0.2493302822113037,0.19829419255256653,0.08900266140699387,0.8292655348777771,0.786893367767334,0.03125,0.015625,242.0,11011.0,11011.0,736.0,-0.016916979104280472,0.017679642885923386,0.00020200909057166427,0.0,-0.42352941632270813,0.06217034161090851,0.024313190951943398,0.02083333395421505,1.777777910232544,0.4200713038444519,8192.0,92.0,0.8626214265823364
23250.0,190464000.0,2459424.1023938027,26445.42045584734,77.44251990318298,1.0,0.6000000238418579,0.5,1.0,1.0,1.0,0.0,0.699999988079071,0.7250000238418579,0.7760800123214722,0.32207998633384705,0.13819997012615204,0.5427999496459961,0.42399999499320984,0.29079997539520264,0.0,0.3450399935245514,0.35487499833106995,155.625,0.006144075654447079,0.012994474731385708,-0.0003290143213234842,0.024147603660821915,47.85375213623047,0.10952945053577423,0.7299484610557556,4000.0,450192.0,0.25,0.19749633967876434,0.08575377613306046,0.8268042206764221,0.7843039631843567,0.02734375,0.013671875,242.0,11132.0,11132.0,744.0,-0.09984873235225677,0.04450184106826782,0.000132064800709486,0.0,0.15294118225574493,0.10798756778240204,-0.05306777358055115,0.0182291679084301,1.5555557012557983,0.3741801381111145,8192.0,93.0,0.8780492544174194
23500.0,192512000.0,2492993.0361368214,26521.202512093845,77.22123456001282,1.0,0.20000000298023224,0.9000000357627869,1.0,1.0,1.0,0.9000000357627869,1.0,0.875,0.5305600166320801,0.15032000839710236,0.4129199683666229,0.5427999496459961,0.5427999496459961,0.2943999767303467,0.17063994705677032,0.37935999035835266,0.3779749870300293,176.5,0.0065494682639837265,0.013833960518240929,-0.0003433818637859076,0.024129902943968773,49.52375411987305,0.1162303015589714,0.7200511693954468,4000.0,455064.0,0.25,0.195071280002594,0.0805712565779686,0.8238515853881836,0.7837604284286499,0.01171875,0.005859375,242.0,11253.0,11253.0,752.0,-0.014924881048500538,0.020724618807435036,4.6648689021822065e-05,0.0,-0.23823529481887817,0.07226085662841797,0.21565937995910645,0.0078125,0.6666666865348816,0.38341131806373596,8192.0,94.0,0.8610234260559082
23750.0,194560000.0,2509242.7848927104,26413.081946239057,77.53733563423157,1.0,1.0,0.699999988079071,1.0,1.0,1.0,0.699999988079071,1.0,0.925000011920929,0.7227999567985535,0.7098399996757507,0.3137199580669403,0.5427999496459961,0.5427999496459961,0.2882799804210663,0.3680799901485443,0.6904000043869019,0.522339940071106,136.0,0.006259290501475334,0.013244998641312122,-0.00033821212127804756,0.024996403604745865,47.614627838134766,0.10976514220237732,0.7421861886978149,4000.0,459936.0,0.2455902099609375,0.19485995173454285,0.08793756365776062,0.8244594931602478,0.7847486138343811,0.021484375,0.0107421875,242.0,11374.0,11374.0,760.0,-0.04214344173669815,0.01827138103544712,0.015033497475087643,0.015625,-0.0058823530562222,0.07376992702484131,0.05512821674346924,0.00911458395421505,0.5833333730697632,0.382580429315567,8192.0,95.0,0.8724713921546936
24000.0,196608000.0,2523550.1570261237,26286.980802355454,77.90928959846497,0.20000000298023224,1.0,1.0,1.0,1.0,1.0,1.0,1.0,0.8999999761581421,0.03583999350667,0.644320011138916,0.5067999362945557,0.5427999496459961,0.5427999496459961,0.2792799770832062,0.5643999576568604,0.6904000043869019,0.47582998871803284,144.125,0.005908349994570017,0.012420957908034325,-0.00028151925653219223,0.02061029151082039,49.04350280761719,0.11081090569496155,0.7234494090080261,4000.0,464808.0,0.25,0.19682727754116058,0.08621424436569214,0.8242575526237488,0.7852458357810974,0.0,0.0,242.0,11495.0,11495.0,768.0,-0.09582458436489105,0.017795518040657043,0.000170063110999763,0.0,-0.0117647061124444,0.09054748713970184,-0.0604853592813015,0.0,0.0,0.44200408458709717,8192.0,96.0,0.8728213310241699
24250.0,198656000.0,2579282.9965979755,26590.54635668016,77.0198540687561,1.0,1.0,0.800000011920929,1.0,1.0,1.0,0.800000011920929,1.0,0.949999988079071,0.7386400103569031,0.7508800029754639,0.40543994307518005,0.5427999496459961,0.5427999496459961,0.5352399945259094,0.4515199661254883,0.6904000043869019,0.5822149515151978,132.75,0.005925207398831844,0.012596937827765942,-0.0003500423044897616,0.023219607770442963,49.038875579833984,0.10963219404220581,0.7250471115112305,4000.0,469680.0,0.2490234375,0.1957080066204071,0.0850052684545517,0.8232505321502686,0.7852596640586853,0.03515625,0.017578125,242.0,11616.0,11616.0,776.0,0.024866685271263123,0.04021666944026947,2.6905494451057166e-05,0.0,-0.04117647185921669,0.07143615931272507,0.15105314552783966,0.0234375,2.0,0.40237993001937866,8192.0,97.0,0.8627805113792419
24500.0,200704000.0,2623878.5847433847,26774.27127289168,76.49134421348572,1.0,1.0,1.0,1.0,1.0,1.0,0.6000000238418579,1.0,0.949999988079071,0.7602400183677673,0.7739199995994568,0.4995999336242676,0.5427999496459961,0.5427999496459961,0.28359997272491455,0.3386399745941162,0.7479999661445618,0.561199963092804,110.875,0.005796613171696663,0.012314185500144958,-0.0003394651575945318,0.021014660596847534,51.05525207519531,0.10667024552822113,0.7487881183624268,4000.0,474552.0,0.24235016107559204,0.19197243452072144,0.08393403142690659,0.829150915145874,0.7842360138893127,0.0,0.0,242.0,11737.0,11737.0,784.0,-0.1052878201007843,0.022092405706644058,0.0009337285300716758,0.0,0.20000000298023224,0.09434480965137482,-0.031776562333106995,0.0,0.0,0.3475606143474579,8192.0,98.0,0.894123911857605
24750.0,202752000.0,2619425.0570273176,26458.838959871897,77.40324521064758,1.0,1.0,0.9000000357627869,1.0,1.0,1.0,1.0,1.0,0.987500011920929,0.8020000457763672,0.6875199675559998,0.45611992478370667,0.5427999496459961,0.5427999496459961,0.28071996569633484,0.5672799944877625,0.4599999487400055,0.5424050092697144,128.0,0.005960776470601559,0.012626572512090206,-0.00032948830630630255,0.023021593689918518,48.58462905883789,0.11146677285432816,0.7386388778686523,4000.0,479424.0,0.25,0.19223229587078094,0.0735849067568779,0.8317389488220215,0.7816665172576904,0.005859375,0.0029296875,242.0,11858.0,11858.0,792.0,0.003099870402365923,0.023508667945861816,2.0801557184313424e-05,0.0,-0.5117647051811218,0.05632195621728897,0.2072344720363617,0.00390625,0.3333333432674408,0.3780860900878906,8192.0,99.0,0.8958445191383362
25000.0,204800000.0,2656995.009113918,26569.95009113918,77.07955765724182,1.0,0.9000000357627869,1.0,1.0,1.0,1.0,1.0,1.0,0.987500011920929,0.8214399218559265,0.6825599670410156,0.44919997453689575,0.5427999496459961,0.5427999496459961,0.2691999673843384,0.5643999576568604,0.761680006980896,0.579259991645813,112.875,0.005580060184001923,0.011775215156376362,-0.00028619368094950914,0.02135380171239376,50.14112854003906,0.10809779912233353,0.7467314600944519,4000.0,484296.0,0.25,0.19304710626602173,0.07477710396051407,0.8366110920906067,0.7808606624603271,0.013671875,0.0068359375,242.0,11979.0,11979.0,800.0,-0.0964525043964386,0.022241871803998947,0.003788725007325411,0.01171875,-0.23823529481887817,0.09179773181676865,-0.08044873178005219,0.0052083334885537624,0.444444477558136,0.40166163444519043,8192.0,100.0,0.897685706615448
25250.0,206848000.0,2681733.257013132,26551.81442587259,77.13220524787903,1.0,0.699999988079071,0.699999988079071,1.0,1.0,1.0,0.800000011920929,1.0,0.8999999761581421,0.7861599922180176,0.5120800137519836,0.24675999581813812,0.5276799201965332,0.5427999496459961,0.28683996200561523,0.4515199661254883,0.40167999267578125,0.4694399833679199,133.75,0.0055359709076583385,0.011715097352862358,-0.00029897622880525887,0.02260136418044567,50.248626708984375,0.1044636145234108,0.7622771263122559,4000.0,489168.0,0.25,0.19315817952156067,0.07460954040288925,0.8409425616264343,0.7806892395019531,0.01171875,0.005859375,242.0,12100.0,12100.0,808.0,-0.14115869998931885,0.047831349074840546,0.0002565586764831096,0.0,-0.2647058963775635,0.12437983602285385,-0.13846156001091003,0.0078125,0.6666666865348816,0.4040334224700928,8192.0,101.0,0.9105262756347656
25500.0,208896000.0,2711172.4747203165,26580.122301179574,77.05005931854248,1.0,1.0,1.0,1.0,1.0,1.0,0.9000000357627869,1.0,0.987500011920929,0.784000039100647,0.7602400183677673,0.5067999362945557,0.5427999496459961,0.5427999496459961,0.28143998980522156,0.5036399960517883,0.6976000070571899,0.5774149894714355,112.875,0.006015521939843893,0.012714046984910965,-0.00031998648773878813,0.02151523344218731,49.729251861572266,0.11133396625518799,0.7346729040145874,4000.0,494040.0,0.25,0.1913023442029953,0.06833580881357193,0.838402271270752,0.7769549489021301,0.0390625,0.01953125,242.0,12221.0,12221.0,816.0,-0.046644218266010284,0.019093848764896393,0.0002623946056701243,0.0,-0.10294117778539658,0.07776818424463272,-0.07422162592411041,0.0260416679084301,2.222222328186035,0.41722846031188965,8192.0,102.0,0.895391047000885
25750.0,210944000.0,2732261.212398859,26526.807887367562,77.20491695404053,1.0,1.0,0.9000000357627869,1.0,1.0,1.0,1.0,1.0,0.987500011920929,0.6932799816131592,0.7076800465583801,0.44891998171806335,0.5298399329185486,0.5427999496459961,0.2677599787712097,0.5233599543571472,0.355599969625473,0.5086549520492554,141.625,0.006713567767292261,0.014072559773921967,-0.0003009027859661728,0.021809300407767296,49.136878967285156,0.10931442677974701,0.7533971071243286,4000.0,498912.0,0.2490234375,0.19259554147720337,0.07629933208227158,0.83930504322052,0.7744330763816833,0.013671875,0.0068359375,242.0,12342.0,12342.0,824.0,-0.06010054796934128,0.014352019876241684,0.014934890903532505,0.015625,0.07058823853731155,0.07254600524902344,-0.0040293047204613686,0.00390625,0.25,0.3645724654197693,8192.0,103.0,0.9116023182868958
26000.0,212992000.0,2744289.529984494,26387.399326773982,77.612802028656,1.0,1.0,1.0,1.0,1.0,1.0,1.0,1.0,1.0,0.7811200022697449,0.7602400183677673,0.5067999362945557,0.5427999496459961,0.5427999496459961,0.266679972410202,0.5629599690437317,0.7552000284194946,0.5898250341415405,112.125,0.006329803727567196,0.0133664570748806,-0.0003313485358376056,0.022075830027461052,49.858253479003906,0.10679823905229568,0.7537311315536499,4000.0,503784.0,0.24609375,0.18878009915351868,0.06967979669570923,0.8413423895835876,0.7718653678894043,0.005859375,0.0029296875,242.0,12463.0,12463.0,832.0,0.008506231009960175,0.02207488939166069,0.0001135293859988451,0.0,0.07941176742315292,0.05962516739964485,0.3170787990093231,0.00390625,0.3333333432674408,0.3356345295906067,8192.0,104.0,0.8972370028495789
26250.0,215040000.0,2780244.7033461398,26478.520984248953,77.34570980072021,1.0,1.0,1.0,1.0,1.0,1.0,1.0,1.0,1.0,0.8250400424003601,0.7076799869537354,0.5067999362945557,0.5427999496459961,0.5427999496459961,0.2677599787712097,0.5643999576568604,0.6904000043869019,0.5809599757194519,116.375,0.006446728017181158,0.01354114431887865,-0.0003027149068657309,0.021129140630364418,49.922752380371094,0.1053205356001854,0.7536447048187256,4000.0,508656.0,0.25,0.19304177165031433,0.07402010262012482,0.8414015769958496,0.77092045545578,0.01171875,0.005859375,242.0,12584.0,12584.0,840.0,0.004725281149148941,0.03545112535357475,4.224047006573528e-05,0.0,-0.5676470994949341,0.05604923516511917,0.13553115725517273,0.0078125,0.6666666865348816,0.35413193702697754,8192.0,105.0,0.904587984085083
26500.0,217088000.0,2810678.6213848223,26515.836050800208,77.2368631362915,1.0,1.0,1.0,1.0,1.0,1.0,1.0,1.0,1.0,0.804159939289093,0.7264000177383423,0.5082399249076843,0.5427999496459961,0.5427999496459961,0.24039995670318604,0.5571999549865723,0.6904000043869019,0.5765500068664551,122.125,0.006206662394106388,0.013018309138715267,-0.000282497814623639,0.0199942234903574,50.359500885009766,0.11194463074207306,0.734017550945282,4000.0,513528.0,0.25,0.1905619353055954,0.0700548067688942,0.8385787606239319,0.7694771885871887,0.005859375,0.0029296875,242.0,12705.0,12705.0,848.0,-0.03864135593175888,0.06287696957588196,0.0001749183575157076,0.0,-0.10294117778539658,0.09605145454406738,-0.04322345182299614,0.00390625,0.3333333432674408,0.4143984913825989,8192.0,106.0,0.8923396468162537
26750.0,219136000.0,2841024.182732971,26551.627876009075,77.13274717330933,0.30000001192092896,0.0,1.0,0.6000000238418579,1.0,1.0,1.0,1.0,0.737500011920929,0.22151999175548553,0.0,0.5067999362945557,0.3256799876689911,0.5427999496459961,0.2727999687194824,0.5643999576568604,0.7264000177383423,0.3950499892234802,160.0,0.006189176347106695,0.012852457351982594,-0.00022025074576959014,0.016801893711090088,50.551876068115234,0.10478632897138596,0.7532440423965454,4000.0,518400.0,0.25,0.19212675094604492,0.07272540777921677,0.8373568654060364,0.7700417041778564,0.037109375,0.0185546875,242.0,12826.0,12826.0,856.0,0.05723058804869652,0.14166700839996338,2.1442307115648873e-05,0.0,-0.28823530673980713,0.10567200928926468,0.06945972144603729,0.02473958395421505,2.1111111640930176,0.34024739265441895,8192.0,107.0,0.888173520565033
27000.0,221184000.0,2865351.209700468,26531.02971944878,77.192631483078,1.0,0.20000000298023224,0.6000000238418579,1.0,1.0,1.0,0.10000000149011612,1.0,0.737500011920929,0.730720043182373,0.030079996213316917,0.28967997431755066,0.5427999496459961,0.5427999496459961,0.28359997272491455,0.056439995765686035,0.5276800394058228,0.3754749894142151,150.625,0.00569095928221941,0.012003093026578426,-0.0002903766289819032,0.02021053619682789,49.97975158691406,0.11191225051879883,0.7233256101608276,4000.0,523272.0,0.25,0.1943608820438385,0.07766218483448029,0.833975613117218,0.7684838771820068,0.0390625,0.01953125,242.0,12947.0,12947.0,864.0,-0.13269756734371185,0.13040074706077576,0.0002846053976099938,0.0,-0.10882353037595749,0.1590886116027832,-0.02646520547568798,0.0260416679084301,2.222222328186035,0.3811461329460144,8192.0,108.0,0.8805549144744873
27250.0,223232000.0,2917164.6288850647,26762.978246651972,76.52362084388733,1.0,0.0,1.0,1.0,1.0,1.0,1.0,1.0,0.875,0.7552000284194946,0.0,0.5067999362945557,0.5427999496459961,0.5427999496459961,0.2799999713897705,0.5643999576568604,0.7623999714851379,0.4942999482154846,137.625,0.006273793987929821,0.013215037062764168,-0.0003114822320640087,0.022242149338126183,50.136627197265625,0.10663333535194397,0.7470837831497192,4000.0,528144.0,0.25,0.1949145495891571,0.07821536809206009,0.8358466029167175,0.7677500247955322,0.0234375,0.01171875,242.0,13068.0,13068.0,872.0,-0.1388443410396576,0.07331681251525879,0.00021958962315693498,0.0,0.17941176891326904,0.12789735198020935,-0.21364472806453705,0.015625,1.3333333730697632,0.41453656554222107,8192.0,109.0,0.8751202821731567
27500.0,225280000.0,2924788.121940431,26588.98292673119,77.02438282966614,1.0,0.10000000149011612,1.0,1.0,1.0,1.0,1.0,1.0,0.887499988079071,0.7868799567222595,0.07623999565839767,0.47655993700027466,0.5427999496459961,0.5427999496459961,0.2691999673843384,0.5600799918174744,0.3001599907875061,0.44433996081352234,163.875,0.005648032762110233,0.011934911832213402,-0.000299629318760708,0.01979377493262291,49.34225082397461,0.10621393471956253,0.769438624382019,4000.0,533016.0,0.23968505859375,0.18765868246555328,0.07815775275230408,0.8364006876945496,0.76609206199646,0.017578125,0.0087890625,242.0,13189.0,13189.0,880.0,-0.017458532005548477,0.02433803677558899,0.00019715400412678719,0.0,-0.05588235333561897,0.05412225052714348,0.05540294200181961,0.01171875,1.0,0.3964823782444,8192.0,110.0,0.8922500610351562
27750.0,227328000.0,2956531.3274381626,26635.41736430777,76.8901035785675,1.0,0.0,0.20000000298023224,1.0,1.0,1.0,1.0,1.0,0.7749999761581421,0.8156799674034119,0.0,0.10135998576879501,0.5320000052452087,0.5427999496459961,0.28359997272491455,0.5931999683380127,0.5859999656677246,0.4318299889564514,157.75,0.006373734679073095,0.013416463509202003,-0.0003160646592732519,0.018432028591632843,50.69437789916992,0.10609296709299088,0.7587167024612427,4000.0,537888.0,0.24684691429138184,0.19148877263069153,0.07696722447872162,0.8336527347564697,0.7656949162483215,0.005859375,0.0029296875,242.0,13310.0,13310.0,888.0,-0.04473688453435898,0.005367523059248924,0.0038284570910036564,0.01171875,-0.22647058963775635,0.05091909319162369,-0.06382784992456436,0.0,0.0,0.39678001403808594,8192.0,111.0,0.8755887746810913
28000.0,229376000.0,3141542.5248772926,28049.48682926154,73.01381349563599,1.0,0.20000000298023224,0.6000000238418579,1.0,1.0,1.0,1.0,0.9000000357627869,0.8375000357627869,0.8214399218559265,0.13952000439167023,0.29975995421409607,0.5427999496459961,0.5427999496459961,0.28683996200561523,0.5636799931526184,0.38951995968818665,0.4482949674129486,159.625,0.006443818565458059,0.01358865201473236,-0.0003303275443613529,0.020180080085992813,48.56325149536133,0.10613692551851273,0.7550743818283081,4000.0,542760.0,0.2455902099609375,0.19390210509300232,0.08348466455936432,0.836195707321167,0.7666588425636292,0.005859375,0.0029296875,242.0,13431.0,13431.0,896.0,-0.018939461559057236,0.041718993335962296,4.229417390888557e-05,0.0,-0.570588231086731,0.0679328441619873,-0.018406596034765244,0.00390625,0.3333333432674408,0.41050660610198975,8192.0,112.0,0.8950581550598145
28250.0,231424000.0,3179281.475264655,28135.23429437748,72.79129004478455,0.800000011920929,0.20000000298023224,0.9000000357627869,1.0,1.0,1.0,1.0,1.0,0.862500011920929,0.5782399773597717,0.11539999395608902,0.45611992478370667,0.5427999496459961,0.5427999496459961,0.26847997307777405,0.5571999549865723,0.5298399925231934,0.44885995984077454,137.75,0.00599362188950181,0.01263902522623539,-0.00030729451100341976,0.018596189096570015,52.01725387573242,0.1076124981045723,0.7527185678482056,4000.0,547632.0,0.25,0.193240225315094,0.07389771193265915,0.8379350900650024,0.7657598257064819,0.005859375,0.0029296875,242.0,13552.0,13552.0,904.0,0.011194732040166855,0.02932034805417061,1.5135525245568715e-05,0.0,0.19117647409439087,0.034784235060214996,0.04487180337309837,0.00390625,0.3333333432674408,0.4041132926940918,8192.0,113.0,0.8893890976905823
28500.0,233472000.0,3211507.3135350486,28171.116785395163,72.69857335090637,1.0,0.9000000357627869,1.0,1.0,1.0,1.0,1.0,1.0,0.987500011920929,0.7472800612449646,0.4132799804210663,0.5067999362945557,0.5427999496459961,0.5427999496459961,0.42795997858047485,0.5802399516105652,0.7048000693321228,0.5582449436187744,124.375,0.006230137776583433,0.013091430068016052,-0.00029633473604917526,0.019243499264121056,50.54300308227539,0.10990948975086212,0.7469056844711304,4000.0,552504.0,0.2490234375,0.19352596998214722,0.07842495292425156,0.8371129631996155,0.7646632194519043,0.005859375,0.0029296875,242.0,13673.0,13673.0,912.0,-0.051149632781744,0.012738127261400223,0.0003018558491021395,0.0,-0.09705882519483566,0.06773586571216583,0.0366758294403553,0.00390625,0.3333333432674408,0.32290035486221313,8192.0,114.0,0.8879619836807251
28750.0,235520000.0,3245404.913299556,28220.912289561355,72.57029747962952,1.0,0.30000001192092896,1.0,1.0,1.0,1.0,1.0,1.0,0.9125000238418579,0.7238799929618835,0.12143998593091965,0.47079992294311523,0.5427999496459961,0.5427999496459961,0.37647995352745056,0.5816799998283386,0.5593599677085876,0.4899049699306488,139.375,0.0066977571696043015,0.014051908627152443,-0.0003070164821110666,0.02118048444390297,52.09650421142578,0.10753480345010757,0.7396681308746338,4000.0,557376.0,0.24993133544921875,0.1929948329925537,0.07549051940441132,0.8340337872505188,0.7621154189109802,0.0,0.0,242.0,13794.0,13794.0,920.0,-0.019518336281180382,0.013684545643627644,1.0207714694843162e-05,0.0,0.13823530077934265,0.05937479808926582,0.1953754872083664,0.0,0.0,0.427695631980896,8192.0,115.0,0.8704584240913391
29000.0,237568000.0,3356243.958488358,28933.137573175503,70.78388905525208,1.0,1.0,1.0,1.0,1.0,1.0,1.0,1.0,1.0,0.7631200551986694,0.4448799788951874,0.5067999362945557,0.5283999443054199,0.5427999496459961,0.2979999780654907,0.5931999683380127,0.7591599822044373,0.554544985294342,120.625,0.006387841422110796,0.013545721769332886,-0.00036265631206333637,0.022363394498825073,51.74287796020508,0.11176883429288864,0.734576404094696,4000.0,562248.0,0.2493463158607483,0.19603341817855835,0.08387743681669235,0.8312236666679382,0.7625604867935181,0.005859375,0.0029296875,242.0,13915.0,13915.0,928.0,-0.016041725873947144,0.007245979271829128,1.156347479991382e-05,0.0,0.2235294133424759,0.05320214107632637,0.19084252417087555,0.00390625,0.3333333432674408,0.3894951343536377,8192.0,116.0,0.8745728135108948
29250.0,239616000.0,3748580.3444677023,32039.148243313695,63.921799182891846,1.0,0.4000000059604645,0.9000000357627869,1.0,1.0,1.0,1.0,1.0,0.9125000238418579,0.5262399911880493,0.20847998559474945,0.43595996499061584,0.5377599596977234,0.5427999496459961,0.30879998207092285,0.5672799944877625,0.4283199906349182,0.44445496797561646,169.875,0.006146889179944992,0.012930840253829956,-0.00029824793455190957,0.020283494144678116,52.46312713623047,0.10963840782642365,0.7226622700691223,4000.0,567120.0,0.25,0.196275994181633,0.08278921991586685,0.8292021751403809,0.7630299925804138,0.005859375,0.0029296875,242.0,14036.0,14036.0,936.0,-0.01911984384059906,0.006366378627717495,2.0275434508221224e-05,0.0,-0.0029411765281111,0.044286951422691345,0.11923079192638397,0.00390625,0.3333333432674408,0.3684447705745697,8192.0,117.0,0.8608956336975098
29500.0,241664000.0,4356855.261936995,36922.50221980504,55.46753001213074,1.0,1.0,1.0,1.0,1.0,1.0,1.0,1.0,1.0,0.7732000350952148,0.49887996912002563,0.5067999362945557,0.5125599503517151,0.5427999496459961,0.26055997610092163,0.5636799931526184,0.7623999714851379,0.552609920501709,125.375,0.006395943928509951,0.013497074134647846,-0.0003320373361930251,0.020555660128593445,51.823753356933594,0.11050805449485779,0.7353695631027222,4000.0,571992.0,0.2490835189819336,0.19806276261806488,0.08858149498701096,0.8284872770309448,0.7632272839546204,0.005859375,0.0029296875,242.0,14157.0,14157.0,944.0,-0.0546114519238472,0.006092845927923918,0.00017060704703908414,0.0,-0.08529412001371384,0.05734770745038986,0.05173993483185768,0.00390625,0.3333333432674408,0.3880947232246399,8192.0,118.0,0.8576783537864685
29750.0,243712000.0,4760445.519024284,40003.743857346926,51.19520831108093,1.0,0.9000000357627869,1.0,1.0,1.0,1.0,0.9000000357627869,1.0,0.9750000238418579,0.7825600504875183,0.6710399985313416,0.5067999362945557,0.5233599543571472,0.5427999496459961,0.27855998277664185,0.5237999558448792,0.7264000177383423,0.5694149732589722,113.625,0.005873390939086676,0.01238300558179617,-0.00029850765713490546,0.019604280591011047,51.90687561035156,0.10480165481567383,0.7712041139602661,4000.0,576864.0,0.24778705835342407,0.19741016626358032,0.08936372399330139,0.8338987231254578,0.7648894786834717,0.0,0.0,242.0,14278.0,14278.0,952.0,-0.07844848930835724,0.010545264929533005,3.522854967741296e-05,0.0,-0.15882353484630585,0.07253551483154297,-0.10265569388866425,0.0,0.0,0.36989909410476685,8192.0,119.0,0.8795827031135559
30000.0,245760000.0,5922671.4830280645,49355.59569190053,41.49478840827942,1.0,0.800000011920929,0.699999988079071,1.0,0.9000000357627869,1.0,1.0,1.0,0.925000011920929,0.7865200042724609,0.26864001154899597,0.35475996136665344,0.5406399965286255,0.48851996660232544,0.2843199670314789,0.5931999683380127,0.6345999836921692,0.49390000104904175,133.5,0.005523972678929567,0.011719128116965294,-0.000313869008095935,0.02172226458787918,52.04987716674805,0.10641351342201233,0.7301470637321472,4000.0,581736.0,0.25,0.1955183893442154,0.08118396252393723,0.8333281874656677,0.7618699073791504,0.005859375,0.0029296875,242.0,14399.0,14399.0,960.0,-0.06459728628396988,0.015343744307756424,0.0001282626180909574,0.0,-0.4176470637321472,0.06805208325386047,-0.1735348254442215,0.00390625,0.3333333432674408,0.32831886410713196,8192.0,120.0,0.8957808017730713
