num_updates,num_env_steps,sps,time_delta,solve_rate/SixteenRooms,solve_rate/SixteenRooms2,solve_rate/Labyrinth,solve_rate/LabyrinthFlipped,solve_rate/Labyrinth2,solve_rate/StandardMaze,solve_rate/StandardMaze2,solve_rate/StandardMaze3,solve_rate/mean,return/SixteenRooms,return/SixteenRooms2,return/Labyrinth,return/LabyrinthFlipped,return/Labyrinth2,return/StandardMaze,return/StandardMaze2,return/StandardMaze3,return/mean,eval_ep_lengths/mean,agent/loss,agent/critic_loss,agent/actor_loss,agent/entropy
250.0,2048000.0,26418.520642245217,77.52137327194214,0.0,0.0,0.0,0.0,0.0,0.0,0.0,0.0,0.0,0.0,0.0,0.0,0.0,0.0,0.0,0.0,0.0,0.0,250.0,-6.811824277974665e-05,0.002993770642206073,-0.0001162979388027452,1.448705792427063
500.0,4096000.0,72642.95130245427,56.385374307632446,0.20000000298023224,0.0,0.0,0.0,0.0,0.0,0.0,0.0,0.02500000037252903,0.11611999571323395,0.0,0.0,0.0,0.0,0.0,0.0,0.0,0.014514999464154243,250.0,0.0024594110436737537,0.007238680496811867,-0.00029912529862485826,0.8608041405677795
750.0,6144000.0,83352.11285290537,73.71138882637024,0.30000001192092896,0.0,0.0,0.0,0.0,0.0,0.0,0.0,0.03750000149011612,0.1412399858236313,0.0,0.0,0.0,0.0,0.0,0.0,0.0,0.01765499822795391,250.0,0.005219066049903631,0.01199430599808693,-0.00033390571479685605,0.4441814720630646
1000.0,8192000.0,106085.68064123046,77.22060084342957,0.9000000357627869,0.10000000149011612,0.0,0.0,0.0,0.0,0.0,0.5,0.1875,0.508679986000061,0.01647999882698059,0.0,0.0,0.0,0.0,0.0,0.14035998284816742,0.08318999409675598,229.5,0.005020800977945328,0.011400475166738033,-0.00036258873296901584,0.3168478012084961
1250.0,10240000.0,133186.37516388795,76.88474130630493,0.9000000357627869,0.10000000149011612,0.0,0.0,0.0,0.0,0.0,0.10000000149011612,0.13750000298023224,0.5184000134468079,0.024399995803833008,0.0,0.0,0.0,0.0,0.0,0.020799994468688965,0.07045000046491623,231.75,0.004583138041198254,0.010422652587294579,-0.0003913682885468006,0.2368198037147522
1500.0,12288000.0,163134.64871167435,75.32428026199341,1.0,0.10000000149011612,0.0,0.10000000149011612,0.0,0.0,0.0,0.4000000059604645,0.20000000298023224,0.620199978351593,0.05247999355196953,0.0,0.02043999545276165,0.0,0.0,0.0,0.19516000151634216,0.11103498935699463,227.75,0.00411935243755579,0.009611661545932293,-0.0005185588961467147,0.1679190695285797
1750.0,14336000.0,196463.89270345843,72.97015142440796,0.9000000357627869,0.0,0.0,0.0,0.10000000149011612,0.0,0.0,0.20000000298023224,0.15000000596046448,0.5785199999809265,0.0,0.0,0.0,0.024039996787905693,0.0,0.0,0.03691999241709709,0.0799349993467331,226.5,0.003771044546738267,0.008715440519154072,-0.0004445317026693374,0.14214389026165009
2000.0,16384000.0,223560.94513451538,73.2865035533905,0.9000000357627869,0.0,0.0,0.10000000149011612,0.699999988079071,0.20000000298023224,0.10000000149011612,0.6000000238418579,0.32499998807907104,0.5590800046920776,0.0,0.0,0.026919996365904808,0.16035997867584229,0.04411999136209488,0.03807999566197395,0.19499997794628143,0.12794499099254608,220.25,0.003455015365034342,0.00818587001413107,-0.0005115009844303131,0.12641873955726624
2250.0,18432000.0,253312.98978948212,72.76373791694641,1.0,0.0,0.0,0.0,0.10000000149011612,0.0,0.0,0.20000000298023224,0.16249999403953552,0.7544800043106079,0.0,0.0,0.0,0.019719993695616722,0.0,0.0,0.059599991887807846,0.10422499477863312,221.0,0.0032972595654428005,0.007825663313269615,-0.0005065290024504066,0.10904273390769958
2500.0,20480000.0,269567.43198437104,75.97356939315796,0.9000000357627869,0.0,0.0,0.0,0.10000000149011612,0.0,0.0,0.0,0.125,0.4694399833679199,0.0,0.0,0.0,0.035559993237257004,0.0,0.0,0.0,0.06312499940395355,230.25,0.0034010044764727354,0.007501652929931879,-0.00024467604816891253,0.10514602810144424
2750.0,22528000.0,302935.73544701946,74.3656075000763,1.0,0.0,0.0,0.699999988079071,0.30000001192092896,0.20000000298023224,0.10000000149011612,0.30000001192092896,0.32499998807907104,0.8070400357246399,0.0,0.0,0.2327200025320053,0.037199992686510086,0.06464000046253204,0.02547999657690525,0.05987998843193054,0.1533699929714203,215.125,0.00292210909537971,0.007034957874566317,-0.0005028157611377537,0.09255411475896835
3000.0,24576000.0,330857.94659001153,74.27961230278015,1.0,0.0,0.0,0.0,0.0,0.0,0.0,0.0,0.125,0.7465600371360779,0.0,0.0,0.0,0.0,0.0,0.0,0.0,0.09332000464200974,224.5,0.0029049774166196585,0.007097866386175156,-0.0005562308360822499,0.08772499859333038
3250.0,26624000.0,360990.41970616806,73.75264978408813,0.9000000357627869,0.0,0.0,0.0,0.0,0.0,0.0,0.0,0.11250000447034836,0.5767199993133545,0.0,0.0,0.0,0.0,0.0,0.0,0.0,0.07208999991416931,224.5,0.002549543511122465,0.006639332976192236,-0.0006820621783845127,0.08806085586547852
3500.0,28672000.0,390259.44941059814,73.46907305717468,1.0,0.0,0.30000001192092896,0.800000011920929,0.6000000238418579,0.20000000298023224,0.4000000059604645,0.5,0.4749999940395355,0.7440400123596191,0.0,0.08939998596906662,0.3550399839878082,0.185279980301857,0.08335999399423599,0.17391999065876007,0.18679998815059662,0.2272299975156784,192.125,0.002449369989335537,0.006324193440377712,-0.0006311952020041645,0.08153153955936432
3750.0,30720000.0,407355.911963587,75.41316843032837,1.0,0.10000000149011612,0.10000000149011612,0.0,0.0,0.0,0.10000000149011612,0.10000000149011612,0.17500001192092896,0.7285600304603577,0.037359993904829025,0.0405999980866909,0.0,0.0,0.0,0.05067999288439751,0.06904000043869019,0.11578000336885452,230.75,0.002497798064723611,0.006234016735106707,-0.0005469978204928339,0.07221268862485886
4000.0,32768000.0,437130.92199109984,74.96152377128601,1.0,0.10000000149011612,0.6000000238418579,0.5,0.5,0.0,0.0,0.20000000298023224,0.36250001192092896,0.7566399574279785,0.025839997455477715,0.2500799596309662,0.2224399894475937,0.12955999374389648,0.0,0.0,0.03943999484181404,0.17799998819828033,205.0,0.002313795732334256,0.005930181592702866,-0.0005807705456390977,0.07052440196275711
4250.0,34816000.0,462325.06741867133,75.306321144104,1.0,0.0,0.0,0.0,0.0,0.0,0.0,0.0,0.125,0.7782400250434875,0.0,0.0,0.0,0.0,0.0,0.0,0.0,0.09728000313043594,227.0,0.0022378508001565933,0.005905340425670147,-0.0006452371017076075,0.06958263367414474
4500.0,36864000.0,487408.56245986855,75.63264751434326,1.0,0.0,0.0,0.0,0.0,0.0,0.10000000149011612,0.10000000149011612,0.15000000596046448,0.7408000230789185,0.0,0.0,0.0,0.0,0.0,0.011079996824264526,0.042399998754262924,0.09928499907255173,225.625,0.002114633796736598,0.005696296226233244,-0.0006701703532598913,0.06334368884563446
4750.0,38912000.0,532014.5102952991,73.1408622264862,1.0,0.20000000298023224,0.20000000298023224,0.30000001192092896,0.5,0.5,0.0,0.10000000149011612,0.3500000238418579,0.7818400263786316,0.054559994488954544,0.07759999483823776,0.09947998821735382,0.1799599826335907,0.20551998913288116,0.0,0.027279997244477272,0.17827999591827393,210.125,0.002159357303753495,0.005843032151460648,-0.000699430878739804,0.06272781640291214
5000.0,40960000.0,544406.9450972792,75.2378351688385,1.0,0.20000000298023224,0.5,0.6000000238418579,0.9000000357627869,0.699999988079071,0.0,0.20000000298023224,0.5125000476837158,0.813520073890686,0.05527999624609947,0.20875997841358185,0.2608799636363983,0.3041999936103821,0.32847997546195984,0.0,0.06967999786138535,0.25509998202323914,200.0,0.00217802869156003,0.00577917043119669,-0.0006522588664665818,0.05929744988679886
5250.0,43008000.0,564882.1696643326,76.13623213768005,1.0,0.0,0.0,0.0,0.0,0.0,0.0,0.0,0.125,0.617680013179779,0.0,0.0,0.0,0.0,0.0,0.0,0.0,0.07721000164747238,233.25,0.002176825189962983,0.005803502164781094,-0.0006675858749076724,0.05734040215611458
5500.0,45056000.0,605084.431546352,74.46233558654785,1.0,0.0,0.6000000238418579,0.9000000357627869,0.5,0.6000000238418579,0.30000001192092896,0.0,0.48750001192092896,0.7969600558280945,0.0,0.1528799831867218,0.35603997111320496,0.08923998475074768,0.20399998128414154,0.04259999468922615,0.0,0.20521500706672668,214.625,0.001996743492782116,0.005527815315872431,-0.0007126516429707408,0.054512474685907364
5750.0,47104000.0,622843.7983058734,75.62730836868286,1.0,0.10000000149011612,0.699999988079071,0.0,0.20000000298023224,0.10000000149011612,0.0,0.0,0.26249998807907104,0.817840039730072,0.020799994468688965,0.25251996517181396,0.0,0.037999995052814484,0.043119996786117554,0.0,0.0,0.1465350091457367,212.875,0.0018595355795696378,0.005221690516918898,-0.0007003616192378104,0.050948258489370346
6000.0,49152000.0,642638.4961513763,76.48468041419983,1.0,0.10000000149011612,0.0,0.0,0.0,0.0,0.0,0.0,0.13750000298023224,0.817840039730072,0.010719996877014637,0.0,0.0,0.0,0.0,0.0,0.0,0.10357000678777695,224.75,0.0019046280067414045,0.005311993416398764,-0.0007021775818429887,0.04919121041893959
6250.0,51200000.0,664026.7774740736,77.10532426834106,1.0,0.20000000298023224,0.0,0.800000011920929,0.0,0.10000000149011612,0.0,0.0,0.26249998807907104,0.7523199915885925,0.03223999962210655,0.0,0.3262399733066559,0.0,0.017199993133544922,0.0,0.0,0.14099998772144318,227.25,0.0018476328114047647,0.005154795944690704,-0.0006815703236497939,0.04819490388035774
6500.0,53248000.0,714298.0759719581,74.5459098815918,1.0,0.10000000149011612,0.10000000149011612,0.0,0.10000000149011612,0.0,0.0,0.0,0.16250000894069672,0.8322400450706482,0.047439999878406525,0.017559994012117386,0.0,0.04131999611854553,0.0,0.0,0.0,0.1173200011253357,224.75,0.0018796140793710947,0.005133997183293104,-0.0006426345207728446,0.04475016891956329
6750.0,55296000.0,772494.1093803032,71.58112835884094,1.0,0.4000000059604645,0.800000011920929,0.0,1.0,0.0,0.0,0.20000000298023224,0.42500001192092896,0.8142400979995728,0.09327998757362366,0.22687998414039612,0.0,0.35343995690345764,0.0,0.0,0.030799997970461845,0.1898299902677536,218.375,0.0018724041292443871,0.005206787493079901,-0.000684996135532856,0.04599330201745033
7000.0,57344000.0,758811.6876087184,75.570791721344,1.0,0.20000000298023224,0.6000000238418579,0.800000011920929,0.4000000059604645,0.10000000149011612,0.0,0.0,0.38750001788139343,0.6335199475288391,0.03655998781323433,0.11903999000787735,0.3298399746417999,0.07455997914075851,0.01863999478518963,0.0,0.0,0.1515199840068817,236.375,0.0018351172329857945,0.00508331973105669,-0.0006636993493884802,0.042843423783779144
7250.0,59392000.0,795038.7137364829,74.70328044891357,1.0,0.699999988079071,0.4000000059604645,1.0,0.30000001192092896,0.9000000357627869,0.30000001192092896,0.6000000238418579,0.6499999761581421,0.7256800532341003,0.29392001032829285,0.09831998497247696,0.4679199159145355,0.04115999490022659,0.29231998324394226,0.03971998766064644,0.12191998213529587,0.2601199746131897,188.375,0.0018077370477840304,0.004985255654901266,-0.0006419396959245205,0.04295097291469574
7500.0,61440000.0,797422.6539159515,77.04822492599487,1.0,0.5,0.0,0.9000000357627869,0.0,0.30000001192092896,0.0,0.0,0.3375000059604645,0.8207200169563293,0.14719998836517334,0.0,0.452519953250885,0.0,0.08975999057292938,0.0,0.0,0.1887749880552292,210.625,0.0018383236601948738,0.005064918659627438,-0.0006525229546241462,0.04161284863948822
7750.0,63488000.0,857414.4640839149,74.04587006568909,1.0,0.5,0.9000000357627869,1.0,0.800000011920929,0.4000000059604645,0.0,0.10000000149011612,0.5875000357627869,0.7911999821662903,0.08527998626232147,0.1889999657869339,0.5154399275779724,0.2844799757003784,0.16383998095989227,0.0,0.01863999478518963,0.25598496198654175,193.625,0.0018119531450793147,0.005075967870652676,-0.0006842254661023617,0.04180531203746796
8000.0,65536000.0,886365.1690300413,73.93792343139648,1.0,1.0,1.0,1.0,1.0,1.0,0.10000000149011612,1.0,0.887499988079071,0.8120800256729126,0.46863994002342224,0.2864799499511719,0.5283999443054199,0.380079984664917,0.47439995408058167,0.05211999639868736,0.24903996288776398,0.406404972076416,164.125,0.001824218314141035,0.00506296381354332,-0.000666703621391207,0.04055985435843468
8250.0,67584000.0,899554.291321722,75.13054037094116,1.0,0.5,0.6000000238418579,0.9000000357627869,0.4000000059604645,0.9000000357627869,0.0,0.800000011920929,0.6375000476837158,0.7170400619506836,0.14071999490261078,0.18059997260570526,0.4273199737071991,0.06519999355077744,0.43991994857788086,0.0,0.34567996859550476,0.2895599901676178,191.5,0.001755604869686067,0.004900496918708086,-0.0006567224627360702,0.03792120888829231
8500.0,69632000.0,942053.8756153181,73.91509318351746,1.0,0.4000000059604645,0.0,1.0,0.0,1.0,0.0,0.10000000149011612,0.4375,0.8199999928474426,0.21532002091407776,0.0,0.48663997650146484,0.0,0.3750399947166443,0.0,0.03448000177741051,0.2414350062608719,214.375,0.0016950267599895597,0.004812330473214388,-0.0006742641562595963,0.03687436878681183
8750.0,71680000.0,979120.7934416325,73.20853614807129,1.0,0.6000000238418579,0.0,1.0,0.0,0.9000000357627869,0.0,0.10000000149011612,0.44999998807907104,0.8027200102806091,0.34727999567985535,0.0,0.513279914855957,0.0,0.3981599509716034,0.0,0.015039998106658459,0.2595599889755249,199.125,0.0017749672988429666,0.005022889468818903,-0.0006979525205679238,0.03852495923638344
9000.0,73728000.0,996990.0508088685,73.95058751106262,1.0,0.699999988079071,0.10000000149011612,1.0,0.0,1.0,0.0,0.0,0.4750000238418579,0.8142400979995728,0.24855998158454895,0.023319995030760765,0.4549599587917328,0.0,0.33111998438835144,0.0,0.0,0.2340250015258789,193.375,0.001671926467679441,0.004715404938906431,-0.0006477792630903423,0.037996385246515274
9250.0,75776000.0,1057293.1395743324,71.66981148719788,1.0,0.0,0.0,0.4000000059604645,0.30000001192092896,0.0,0.0,0.0,0.21250000596046448,0.8322400450706482,0.0,0.0,0.17679999768733978,0.042599987238645554,0.0,0.0,0.0,0.13145500421524048,217.375,0.0017659749137237668,0.004887530580163002,-0.0006417066906578839,0.03608375042676926
9500.0,77824000.0,1060596.1774584113,73.37759804725647,1.0,0.9000000357627869,0.699999988079071,0.5,0.6000000238418579,0.0,0.0,0.5,0.5250000357627869,0.7768000364303589,0.20591996610164642,0.1380399763584137,0.20155997574329376,0.11399997770786285,0.0,0.0,0.10975997895002365,0.19325998425483704,204.25,0.0017436324851587415,0.004796567838639021,-0.0006210911669768393,0.033560167998075485
9750.0,79872000.0,1071935.7908483855,74.51192569732666,1.0,0.4000000059604645,0.5,1.0,0.699999988079071,0.6000000238418579,0.0,0.10000000149011612,0.5375000238418579,0.7141600251197815,0.16671998798847198,0.09427998214960098,0.501759946346283,0.11499998718500137,0.23711995780467987,0.0,0.04383999854326248,0.23410998284816742,196.5,0.001684386981651187,0.004764473531395197,-0.0006629544077441096,0.03489556163549423
10000.0,81920000.0,1094740.419728903,74.83052468299866,1.0,0.10000000149011612,0.10000000149011612,1.0,0.0,0.9000000357627869,0.0,0.0,0.38750001788139343,0.7494400143623352,0.025119995698332787,0.016839999705553055,0.49455997347831726,0.0,0.34487995505332947,0.0,0.0,0.2038549929857254,205.375,0.0016460961196571589,0.004637698642909527,-0.0006390999769791961,0.03365325182676315
10250.0,83968000.0,1137631.0300378872,73.80951976776123,1.0,0.6000000238418579,0.20000000298023224,1.0,0.30000001192092896,0.4000000059604645,0.0,0.5,0.5,0.8552800416946411,0.1600799858570099,0.025039995089173317,0.47367992997169495,0.044759996235370636,0.07815998792648315,0.0,0.11911997944116592,0.21951498091220856,208.625,0.001611873391084373,0.004569681361317635,-0.0006378075340762734,0.03515996038913727
10500.0,86016000.0,1154449.8604029163,74.508216381073,1.0,0.20000000298023224,0.10000000149011612,1.0,0.20000000298023224,0.800000011920929,0.30000001192092896,0.699999988079071,0.5375000238418579,0.8207200169563293,0.07903999090194702,0.01395999826490879,0.5276799201965332,0.02791999652981758,0.3183199465274811,0.11099999397993088,0.11463997513055801,0.25165998935699463,197.0,0.0017378729535266757,0.0047273230738937855,-0.0005953741492703557,0.030414652079343796
10750.0,88064000.0,1164304.2664515835,75.63658618927002,1.0,0.699999988079071,0.699999988079071,1.0,0.5,0.9000000357627869,0.0,0.699999988079071,0.6875,0.8387200236320496,0.21759997308254242,0.12219997495412827,0.5183199644088745,0.11011999100446701,0.4269599914550781,0.0,0.22551999986171722,0.3074299693107605,185.5,0.0016884165816009045,0.004622407257556915,-0.0005932708154432476,0.0295163132250309
11000.0,90112000.0,1211300.3195718268,74.39278149604797,1.0,0.4000000059604645,1.0,1.0,1.0,0.9000000357627869,0.4000000059604645,1.0,0.8375000357627869,0.8538400530815125,0.0817599818110466,0.450639933347702,0.5341599583625793,0.5125599503517151,0.39959996938705444,0.2603200078010559,0.33399996161460876,0.4283599853515625,155.375,0.001601089839823544,0.004524849820882082,-0.0006293787737376988,0.03195641189813614
11250.0,92160000.0,1245630.1159518873,73.98665046691895,1.0,0.4000000059604645,0.30000001192092896,1.0,0.4000000059604645,0.9000000357627869,0.20000000298023224,0.9000000357627869,0.637499988079071,0.8156800270080566,0.07095998525619507,0.0814799964427948,0.5154399275779724,0.055119991302490234,0.42983999848365784,0.03439999371767044,0.44279995560646057,0.3057149648666382,176.875,0.0016341451555490494,0.0045125144533813,-0.0005898288218304515,0.032283149659633636
11500.0,94208000.0,1244160.702402926,75.72012186050415,1.0,0.800000011920929,0.699999988079071,0.800000011920929,0.9000000357627869,0.30000001192092896,0.0,0.5,0.625,0.7962400317192078,0.2988799810409546,0.1531599760055542,0.3967999517917633,0.1414799690246582,0.1430399864912033,0.0,0.11911997944116592,0.256089985370636,187.625,0.0015939908334985375,0.0044589475728571415,-0.0006024408503435552,0.03304219990968704
11750.0,96256000.0,1281213.8739880621,75.12875247001648,1.0,0.5,1.0,0.0,0.800000011920929,0.0,0.0,0.9000000357627869,0.5249999761581421,0.7890400290489197,0.11407997459173203,0.24039998650550842,0.0,0.16711997985839844,0.0,0.0,0.24407997727394104,0.19433999061584473,214.25,0.0016079912893474102,0.004496822599321604,-0.0006104785716161132,0.029941219836473465
12000.0,98304000.0,1296739.2537317588,75.8086097240448,1.0,1.0,1.0,0.20000000298023224,0.800000011920929,0.0,0.0,0.5,0.5625,0.8308000564575195,0.3476799428462982,0.4859199523925781,0.027919990941882133,0.38527998328208923,0.0,0.0,0.30559998750686646,0.29789999127388,165.25,0.0016584557015448809,0.004544520750641823,-0.0005826503620482981,0.031154142692685127
12250.0,100352000.0,1319452.041096973,76.05581474304199,1.0,0.0,1.0,1.0,0.699999988079071,0.9000000357627869,0.30000001192092896,0.800000011920929,0.7124999761581421,0.8466400504112244,0.0,0.27351999282836914,0.5341599583625793,0.18771998584270477,0.4283999502658844,0.06419999152421951,0.33055996894836426,0.3331499695777893,182.875,0.0015961203025653958,0.00442777294665575,-0.0005857304786331952,0.032035455107688904
12500.0,102400000.0,1430650.795144612,71.57581734657288,1.0,0.30000001192092896,0.699999988079071,1.0,0.4000000059604645,1.0,0.10000000149011612,1.0,0.6875,0.8531200289726257,0.05447998642921448,0.1531599760055542,0.5269599556922913,0.0867999941110611,0.4347999691963196,0.024039996787905693,0.24255995452404022,0.29698997735977173,186.0,0.0016109057469293475,0.004453520756214857,-0.0005845956620760262,0.03125897794961929
12750.0,104448000.0,1444757.9160451835,72.29446458816528,1.0,0.800000011920929,0.10000000149011612,1.0,0.0,0.4000000059604645,0.0,0.30000001192092896,0.45000001788139343,0.8322400450706482,0.3499999940395355,0.01179999765008688,0.5082399249076843,0.0,0.16743998229503632,0.0,0.06239999085664749,0.24151498079299927,199.875,0.0015866216272115707,0.004400498233735561,-0.0005827355780638754,0.030892031267285347
13000.0,106496000.0,1476722.393538598,72.11646580696106,1.0,0.699999988079071,1.0,1.0,0.9000000357627869,1.0,0.10000000149011612,1.0,0.8374999761581421,0.8308000564575195,0.18303996324539185,0.41103997826576233,0.48375996947288513,0.3301199674606323,0.38655996322631836,0.06508000195026398,0.317440003156662,0.3759799897670746,175.875,0.0015687732957303524,0.004371311515569687,-0.0005858284421265125,0.03105393797159195
13250.0,108544000.0,1471521.7989318534,73.7630934715271,0.9000000357627869,1.0,0.20000000298023224,1.0,0.30000001192092896,0.9000000357627869,0.20000000298023224,0.800000011920929,0.6625000238418579,0.7696800231933594,0.34623995423316956,0.04447999224066734,0.5283999443054199,0.045479994267225266,0.3837599754333496,0.13016000390052795,0.31832000613212585,0.32081496715545654,172.125,0.0017202238086611032,0.004663648083806038,-0.000581543892621994,0.03005620650947094
13500.0,110592000.0,1513967.8912466539,73.0477843284607,1.0,0.0,0.0,1.0,0.0,0.20000000298023224,0.0,0.30000001192092896,0.3125,0.8163999915122986,0.0,0.0,0.4311999976634979,0.0,0.037279993295669556,0.0,0.08327998965978622,0.17101998627185822,213.625,0.0016354144318029284,0.004446602892130613,-0.0005590791115537286,0.028807934373617172
13750.0,112640000.0,1465278.3577879954,76.87276577949524,1.0,0.0,0.0,1.0,0.0,0.0,0.0,0.6000000238418579,0.32499998807907104,0.7904800772666931,0.0,0.0,0.48159995675086975,0.0,0.0,0.0,0.2911199927330017,0.19539999961853027,185.625,0.0016071695135906339,0.004398446064442396,-0.0005611474625766277,0.030905984342098236
14000.0,114688000.0,1537047.4984077103,74.61578130722046,1.0,0.699999988079071,0.0,0.30000001192092896,0.0,0.0,0.0,0.30000001192092896,0.2874999940395355,0.817840039730072,0.18519997596740723,0.0,0.11387999355792999,0.0,0.0,0.0,0.09839998930692673,0.15191501379013062,224.75,0.0015455721877515316,0.004293215926736593,-0.0005700381007045507,0.030997613444924355
14250.0,116736000.0,1550200.3474010138,75.30381488800049,1.0,0.4000000059604645,0.0,0.800000011920929,0.10000000149011612,0.10000000149011612,0.0,0.800000011920929,0.4000000059604645,0.8596000671386719,0.08031999319791794,0.0,0.38599997758865356,0.013239997439086437,0.0467199981212616,0.0,0.3463999927043915,0.21653501689434052,190.625,0.001624187920242548,0.004399651661515236,-0.0005456616054289043,0.029976457357406616
14500.0,118784000.0,1578151.6713500062,75.2677972316742,0.9000000357627869,0.6000000238418579,0.0,1.0,0.0,0.4000000059604645,0.0,0.10000000149011612,0.375,0.5968800187110901,0.348719984292984,0.0,0.5111199617385864,0.0,0.14871998131275177,0.0,0.02223999612033367,0.2034599930047989,204.875,0.0016934487503021955,0.004557176027446985,-0.0005539467092603445,0.031192516908049583
14750.0,120832000.0,1565856.158056075,77.16673040390015,1.0,1.0,1.0,1.0,1.0,0.30000001192092896,0.0,1.0,0.7875000238418579,0.7681600451469421,0.36963996291160583,0.4196799695491791,0.5125599503517151,0.5039200186729431,0.11927998065948486,0.0,0.2699199616909027,0.3703949451446533,189.125,0.0016367131611332297,0.004407413303852081,-0.0005369985592551529,0.02999505028128624
15000.0,122880000.0,1632039.972402165,75.29227352142334,0.9000000357627869,0.699999988079071,0.800000011920929,1.0,0.800000011920929,0.4000000059604645,0.0,0.9000000357627869,0.6875,0.5191199779510498,0.13623997569084167,0.2412799894809723,0.5024799704551697,0.17143996059894562,0.11631999164819717,0.0,0.32687997817993164,0.25171998143196106,184.25,0.001617858768440783,0.004418051801621914,-0.0005605262704193592,0.030641233548521996
15250.0,124928000.0,1654857.2451614528,75.49170804023743,0.30000001192092896,0.9000000357627869,1.0,1.0,1.0,0.699999988079071,0.0,1.0,0.737500011920929,0.202799990773201,0.36215996742248535,0.43119993805885315,0.4650399386882782,0.42184001207351685,0.3342399597167969,0.0,0.527679979801178,0.3431199789047241,164.875,0.0015859019476920366,0.004314696881920099,-0.0005405080155469477,0.030938543379306793
15500.0,126976000.0,1672780.2375312,75.90716171264648,0.9000000357627869,0.800000011920929,0.5,1.0,0.4000000059604645,0.6000000238418579,0.0,1.0,0.6499999761581421,0.6091200113296509,0.23479996621608734,0.09787997603416443,0.4995999336242676,0.15159998834133148,0.2407199591398239,0.0,0.5557599663734436,0.2986849844455719,172.875,0.0015802370617166162,0.004225731361657381,-0.0005037710652686656,0.02885744906961918
15750.0,129024000.0,1765546.1467791572,73.07880353927612,0.9000000357627869,0.20000000298023224,0.0,0.10000000149011612,0.0,0.4000000059604645,0.0,0.699999988079071,0.2875000238418579,0.5515199899673462,0.0660799965262413,0.0,0.018999993801116943,0.0,0.13143999874591827,0.0,0.15423999726772308,0.1152849942445755,203.75,0.0015516182174906135,0.004203917924314737,-0.0005230383831076324,0.027302447706460953
16000.0,131072000.0,1788703.6759702177,73.27764892578125,1.0,0.6000000238418579,0.0,0.10000000149011612,0.0,0.0,0.0,0.800000011920929,0.3125,0.6673600077629089,0.3343200087547302,0.0,0.010359996929764748,0.0,0.0,0.0,0.161359965801239,0.1466749906539917,212.0,0.0015850333729758859,0.004274234641343355,-0.0005239680176600814,0.02811579592525959
16250.0,133120000.0,1829562.8480971754,72.7605504989624,1.0,0.6000000238418579,0.0,1.0,0.0,0.6000000238418579,0.20000000298023224,0.699999988079071,0.512499988079071,0.7717599868774414,0.344760000705719,0.0,0.5255199670791626,0.0,0.25439998507499695,0.12727999687194824,0.31119999289512634,0.2918649911880493,165.625,0.0015988792292773724,0.004286904353648424,-0.0005170916556380689,0.027481725439429283
16500.0,135168000.0,1811488.1240047608,74.61710524559021,1.0,0.10000000149011612,0.0,1.0,0.0,1.0,0.10000000149011612,0.800000011920929,0.5,0.7688800096511841,0.05751999840140343,0.0,0.5255199670791626,0.0,0.39159998297691345,0.016839999705553055,0.4342399537563324,0.2743249833583832,209.625,0.0016016748268157244,0.004245301242917776,-0.0004952558665536344,0.02572013810276985
16750.0,137216000.0,1891566.6817598534,72.54092669487,1.0,0.10000000149011612,0.0,1.0,0.0,0.699999988079071,0.0,0.4000000059604645,0.3999999761581421,0.8084799647331238,0.017199993133544922,0.0,0.5283999443054199,0.0,0.3003999888896942,0.0,0.10479998588562012,0.21990999579429626,204.875,0.0015914221294224262,0.004229306243360043,-0.0004971568123437464,0.02607412450015545
17000.0,139264000.0,1806462.639476828,77.09210085868835,1.0,0.9000000357627869,0.0,1.0,0.0,0.800000011920929,0.0,0.10000000149011612,0.4750000238418579,0.6918399930000305,0.3830399811267853,0.0,0.5283999443054199,0.0,0.4320800006389618,0.0,0.021519994363188744,0.25710999965667725,206.625,0.0016670612385496497,0.004426259081810713,-0.0005184109322726727,0.027657587081193924
17250.0,141312000.0,1850028.3944049354,76.38369250297546,0.9000000357627869,1.0,0.10000000149011612,0.9000000357627869,0.30000001192092896,0.20000000298023224,0.0,0.9000000357627869,0.5375000238418579,0.6667200326919556,0.41823992133140564,0.01179999765008688,0.4193999469280243,0.08867999166250229,0.08983998745679855,0.0,0.38951998949050903,0.2605249881744385,183.25,0.00160820537712425,0.00429862504824996,-0.000513266830239445,0.027840450406074524
17500.0,143360000.0,1955939.212485515,73.29471135139465,1.0,0.699999988079071,0.10000000149011612,1.0,0.10000000149011612,0.699999988079071,0.30000001192092896,0.9000000357627869,0.6000000238418579,0.7947999835014343,0.19095997512340546,0.013239997439086437,0.49455997347831726,0.017559994012117386,0.1995999813079834,0.19091999530792236,0.2807999849319458,0.27280497550964355,177.5,0.001546388491988182,0.00411054166033864,-0.00048098762636072934,0.027894627302885056
17750.0,145408000.0,1911788.937345583,76.0586051940918,1.0,0.6000000238418579,0.0,1.0,0.10000000149011612,0.9000000357627869,0.4000000059604645,1.0,0.625,0.7364800572395325,0.12119998782873154,0.0,0.5283999443054199,0.012519997544586658,0.4514399468898773,0.1321599930524826,0.3527199923992157,0.2918649911880493,211.125,0.0015961065655574203,0.004241450689733028,-0.0004966510459780693,0.02796757221221924
18000.0,147456000.0,1990439.8704593794,74.08211731910706,1.0,0.699999988079071,0.699999988079071,1.0,0.4000000059604645,0.5,0.10000000149011612,1.0,0.675000011920929,0.7098399996757507,0.22767996788024902,0.1279599815607071,0.5067999362945557,0.05871998891234398,0.2609599530696869,0.03627999499440193,0.46720001101493835,0.2994299829006195,166.75,0.0015947343781590462,0.004201178438961506,-0.00047823789645917714,0.027616968378424644
18250.0,149504000.0,1997007.7464885619,74.86400604248047,0.9000000357627869,0.9000000357627869,0.0,1.0,0.0,0.5,0.0,0.699999988079071,0.5,0.6271199584007263,0.3967199921607971,0.0,0.5283999443054199,0.0,0.24943998456001282,0.0,0.24063996970653534,0.2552899718284607,177.125,0.0015583370113745332,0.0041266195476055145,-0.0004791103128809482,0.025862663984298706
18500.0,151552000.0,2036678.276459916,74.4113597869873,1.0,0.800000011920929,0.0,0.800000011920929,0.0,0.10000000149011612,0.0,0.6000000238418579,0.4124999940395355,0.7688800096511841,0.2563999593257904,0.0,0.27295997738838196,0.0,0.0517599955201149,0.0,0.15143997967243195,0.18767999112606049,228.625,0.0015899243298918009,0.004145738668739796,-0.0004572997277136892,0.025645125657320023
18750.0,153600000.0,1986122.6370471278,77.33661413192749,0.9000000357627869,0.30000001192092896,0.20000000298023224,0.800000011920929,0.10000000149011612,0.20000000298023224,0.0,0.30000001192092896,0.3500000238418579,0.5644800066947937,0.13727998733520508,0.037999995052814484,0.34567996859550476,0.01467999815940857,0.055279988795518875,0.0,0.10343998670578003,0.15735498070716858,218.5,0.0016001550247892737,0.004221316426992416,-0.0004831661353819072,0.027336865663528442
19000.0,155648000.0,2077447.3224541014,74.9227180480957,1.0,0.20000000298023224,0.0,1.0,0.0,0.6000000238418579,0.10000000149011612,0.699999988079071,0.45000001788139343,0.7465600371360779,0.07183999568223953,0.0,0.5211999416351318,0.0,0.243599995970726,0.056439995765686035,0.403359979391098,0.2553749978542328,166.875,0.0015495038824155927,0.004079856444150209,-0.0004632596974261105,0.027164701372385025
19250.0,157696000.0,2137082.446915126,73.79032111167908,1.0,0.0,0.0,0.5,0.0,0.0,0.0,0.0,0.1875,0.7696000337600708,0.0,0.0,0.16195999085903168,0.0,0.0,0.0,0.0,0.11644500494003296,225.875,0.0016340087167918682,0.004202388226985931,-0.00044085795525461435,0.026327289640903473
19500.0,159744000.0,2129410.400079922,75.01794862747192,1.0,0.10000000149011612,0.10000000149011612,1.0,0.30000001192092896,0.5,0.0,0.5,0.4375,0.6313599944114685,0.07552000135183334,0.013239997439086437,0.5111199617385864,0.04403999447822571,0.20551998913288116,0.0,0.2141599953174591,0.2118699848651886,195.625,0.0015879428246989846,0.004145390819758177,-0.00045878515811637044,0.025967467576265335
19750.0,161792000.0,2166287.316688459,74.68630719184875,1.0,0.9000000357627869,0.0,0.9000000357627869,0.0,0.30000001192092896,0.0,0.0,0.38750001788139343,0.8459200263023376,0.4960799813270569,0.0,0.45395994186401367,0.0,0.1329599916934967,0.0,0.0,0.24111498892307281,195.375,0.0015972483670338988,0.0041178553365170956,-0.00043637704220600426,0.025301862508058548
20000.0,163840000.0,2260711.9946228596,72.47274327278137,1.0,0.800000011920929,0.0,1.0,0.0,0.5,0.0,0.20000000298023224,0.4375,0.784000039100647,0.3219200074672699,0.0,0.5298399329185486,0.0,0.17023997008800507,0.0,0.1287200003862381,0.24184000492095947,167.875,0.0016305299941450357,0.00421905517578125,-0.0004547623102553189,0.024235263466835022
20250.0,165888000.0,2234455.411139522,74.2409086227417,1.0,0.699999988079071,0.0,1.0,0.0,0.9000000357627869,0.10000000149011612,0.699999988079071,0.550000011920929,0.8142399787902832,0.397599995136261,0.0,0.5211999416351318,0.0,0.4291199743747711,0.05499999597668648,0.2953599989414215,0.31406497955322266,184.125,0.0015848660841584206,0.00411952706053853,-0.0004493638698477298,0.02553364634513855
20500.0,167936000.0,2243794.1258775797,74.84465622901917,1.0,0.5,0.0,1.0,0.0,0.9000000357627869,0.4000000059604645,1.0,0.6000000238418579,0.7004799842834473,0.31784000992774963,0.0,0.5031999945640564,0.0,0.34415996074676514,0.09975998848676682,0.31095996499061584,0.2845499813556671,175.25,0.0016454376745969057,0.004255327396094799,-0.000455876492196694,0.02634960040450096
20750.0,169984000.0,2310808.0756973815,73.5604145526886,1.0,0.6000000238418579,0.0,0.20000000298023224,0.0,0.0,0.0,0.20000000298023224,0.25,0.5896000266075134,0.2759999930858612,0.0,0.04159999638795853,0.0,0.0,0.0,0.04519999027252197,0.11904999613761902,203.625,0.0016437915619462729,0.004214828833937645,-0.00043770356569439173,0.025919143110513687
21000.0,172032000.0,2328173.4529920435,73.89140176773071,1.0,0.4000000059604645,0.0,1.0,0.0,1.0,0.0,1.0,0.550000011920929,0.7724800109863281,0.20271997153759003,0.0,0.5283999443054199,0.0,0.44631996750831604,0.0,0.508959949016571,0.3073599934577942,163.5,0.001582776429131627,0.004109121393412352,-0.0004451842396520078,0.026600178331136703
21250.0,174080000.0,2444931.5216563665,71.20035815238953,1.0,0.5,0.0,1.0,0.0,1.0,0.0,0.9000000357627869,0.550000011920929,0.8091999888420105,0.322160005569458,0.0,0.5298399329185486,0.0,0.3872799575328827,0.0,0.3405599594116211,0.2986299991607666,165.625,0.0017179211135953665,0.004310335032641888,-0.00041234641685150564,0.024899864569306374
21500.0,176128000.0,2426821.9596806513,72.57557535171509,1.0,0.0,0.0,0.20000000298023224,0.0,1.0,0.0,0.4000000059604645,0.32499998807907104,0.8243200182914734,0.0,0.0,0.047359999269247055,0.0,0.3692799508571625,0.0,0.07311999052762985,0.16425999999046326,208.75,0.001619928632862866,0.004122878424823284,-0.00041691793012432754,0.02459280751645565
21750.0,178176000.0,2341845.403346106,76.08358764648438,0.9000000357627869,0.9000000357627869,0.0,0.0,0.0,0.10000000149011612,0.0,0.5,0.30000001192092896,0.5839200019836426,0.4910399615764618,0.0,0.0,0.0,0.04095999523997307,0.0,0.20551995933055878,0.1651799976825714,200.0,0.0016731189098209143,0.004208555445075035,-0.00040696474025025964,0.024193882942199707
22000.0,180224000.0,2492964.365122819,72.29305100440979,1.0,0.20000000298023224,0.0,0.9000000357627869,0.0,0.4000000059604645,0.0,0.4000000059604645,0.36250001192092896,0.7472800612449646,0.11719999462366104,0.0,0.26027998328208923,0.0,0.1897599846124649,0.0,0.11343999207019806,0.17849500477313995,171.125,0.001646233256906271,0.004152869340032339,-0.0004054453456774354,0.02475595474243164
22250.0,182272000.0,2488776.2297041244,73.23760080337524,1.0,0.30000001192092896,0.0,1.0,0.0,0.9000000357627869,0.0,0.6000000238418579,0.4749999940395355,0.7962400317192078,0.12143998593091965,0.0,0.33615997433662415,0.0,0.4010399878025055,0.0,0.17159998416900635,0.2283099889755249,205.125,0.0016499334014952183,0.004151395056396723,-0.00040198411443270743,0.0237799771130085
22500.0,184320000.0,2506333.1861066152,73.54169869422913,1.0,0.5,0.0,1.0,0.0,0.4000000059604645,0.0,0.20000000298023224,0.38749998807907104,0.6767199635505676,0.22279997169971466,0.0,0.48879995942115784,0.0,0.14511997997760773,0.0,0.055279988795518875,0.1985899806022644,203.875,0.001663708477281034,0.004170004278421402,-0.0003962294140364975,0.0250641368329525
22750.0,186368000.0,2443336.253327172,76.27603435516357,1.0,0.0,0.0,0.4000000059604645,0.0,0.9000000357627869,0.0,0.20000000298023224,0.3125,0.8020000457763672,0.0,0.0,0.0968799814581871,0.0,0.41759997606277466,0.0,0.058519989252090454,0.171875,209.0,0.0015670392895117402,0.003993341699242592,-0.00040398340206593275,0.025648295879364014
23000.0,188416000.0,2485204.0112393787,75.81510376930237,1.0,0.699999988079071,0.0,1.0,0.0,0.4000000059604645,0.30000001192092896,0.4000000059604645,0.4750000238418579,0.6212800145149231,0.32919996976852417,0.0,0.44343996047973633,0.0,0.14799998700618744,0.05339999124407768,0.1281999796628952,0.21543999016284943,212.875,0.001662757946178317,0.004178185481578112,-0.0003999592154286802,0.02637561224400997
23250.0,190464000.0,2571880.3223280474,74.05632305145264,1.0,0.20000000298023224,0.0,0.30000001192092896,0.0,0.4000000059604645,0.0,0.0,0.23749999701976776,0.7717599868774414,0.11071999371051788,0.0,0.08867999166250229,0.0,0.09759999066591263,0.0,0.0,0.13359498977661133,226.0,0.001715410384349525,0.004266195464879274,-0.00039243718492798507,0.025250142440199852
23500.0,192512000.0,2528034.1879136628,76.15086889266968,1.0,0.20000000298023224,0.0,0.6000000238418579,0.0,0.0,0.0,0.20000000298023224,0.25,0.7480000257492065,0.09703999012708664,0.0,0.1903199702501297,0.0,0.0,0.0,0.055279988795518875,0.1363299936056137,206.625,0.0016521841753274202,0.004120984114706516,-0.00038374055293388665,0.024567505344748497
23750.0,194560000.0,2593296.64667999,75.02419757843018,1.0,1.0,0.0,1.0,0.0,0.10000000149011612,0.0,0.10000000149011612,0.4000000059604645,0.652239978313446,0.4448799788951874,0.0,0.3757599890232086,0.0,0.05247999355196953,0.0,0.015759998932480812,0.19263999164104462,211.375,0.0017000079387798905,0.004164473619312048,-0.0003579223121050745,0.02430666796863079
24000.0,196608000.0,2582711.1958272834,76.1246554851532,1.0,0.699999988079071,0.0,1.0,0.0,0.5,0.0,0.9000000357627869,0.5125000476837158,0.7371999621391296,0.3299199640750885,0.0,0.3721599578857422,0.0,0.16663996875286102,0.0,0.2858399748802185,0.23646998405456543,215.375,0.0016197413206100464,0.00403450895100832,-0.00037147029070183635,0.026043036952614784
24250.0,198656000.0,2712142.7693917844,73.24688148498535,1.0,0.4000000059604645,0.0,1.0,0.0,0.5,0.0,0.10000000149011612,0.375,0.7998400330543518,0.25672000646591187,0.0,0.321759968996048,0.0,0.23503999412059784,0.0,0.02295999601483345,0.20453999936580658,218.625,0.0016192758921533823,0.003999580163508654,-0.0003549807006493211,0.02553347870707512
24500.0,200704000.0,2775236.75849285,72.31959557533264,1.0,0.10000000149011612,0.0,1.0,0.0,0.9000000357627869,0.4000000059604645,0.30000001192092896,0.4625000059604645,0.753760039806366,0.03519999980926514,0.0,0.33327993750572205,0.0,0.325439989566803,0.07959998399019241,0.11135999113321304,0.20482999086380005,208.0,0.001702516688965261,0.004139788448810577,-0.0003422849695198238,0.025092510506510735
24750.0,202752000.0,2709606.5189956776,74.82710075378418,1.0,0.0,0.0,1.0,0.0,1.0,0.0,0.30000001192092896,0.4124999940395355,0.7890400290489197,0.0,0.0,0.357759952545166,0.0,0.5298399329185486,0.0,0.10344000160694122,0.22250999510288239,192.875,0.0016237848903983831,0.003981247544288635,-0.00034242949914187193,0.02440941333770752
25000.0,204800000.0,2626423.463791002,77.97676301002502,1.0,0.0,0.0,0.800000011920929,0.0,0.30000001192092896,0.0,0.0,0.26249998807907104,0.6695200204849243,0.0,0.0,0.13903997838497162,0.0,0.08903998881578445,0.0,0.0,0.11219999939203262,212.125,0.001744302804581821,0.004189361818134785,-0.0003249543660786003,0.02542375773191452
25250.0,206848000.0,2728797.527893611,75.80188632011414,1.0,0.0,0.0,0.9000000357627869,0.0,0.6000000238418579,0.20000000298023224,0.6000000238418579,0.4125000238418579,0.7321600317955017,0.0,0.0,0.19835996627807617,0.0,0.18239997327327728,0.036559995263814926,0.21119998395442963,0.17008499801158905,207.125,0.001714198151603341,0.004109295085072517,-0.00031497242162004113,0.02547675184905529
25500.0,208896000.0,2806646.9161931598,74.42902731895447,1.0,0.20000000298023224,0.0,1.0,0.0,0.699999988079071,0.10000000149011612,0.6000000238418579,0.45000001788139343,0.7285599708557129,0.12151999771595001,0.0,0.26631996035575867,0.0,0.27879998087882996,0.021879995241761208,0.14639997482299805,0.19543498754501343,209.125,0.0017701643519103527,0.004226718097925186,-0.00031781470170244575,0.025380002334713936
25750.0,210944000.0,2758071.9489025758,76.48241376876831,0.699999988079071,0.20000000298023224,0.0,0.0,0.0,0.30000001192092896,0.0,0.800000011920929,0.25,0.5019999742507935,0.10567998886108398,0.0,0.0,0.0,0.061679989099502563,0.0,0.2909599840641022,0.12003999203443527,250.0,0.001774920616298914,0.004214065615087748,-0.0003057184221688658,0.02639388106763363
26000.0,212992000.0,2887110.920594754,73.77340388298035,1.0,0.30000001192092896,0.0,0.6000000238418579,0.0,0.5,0.0,0.10000000149011612,0.3125,0.784000039100647,0.13151998817920685,0.0,0.12983998656272888,0.0,0.21559999883174896,0.0,0.036639995872974396,0.16220000386238098,217.875,0.0017575875390321016,0.0041243089362978935,-0.00027933510136790574,0.025231478735804558
26250.0,215040000.0,2935820.4712663274,73.24698567390442,1.0,0.0,0.0,0.699999988079071,0.0,0.5,0.10000000149011612,0.20000000298023224,0.3125,0.7393600344657898,0.0,0.0,0.1805199831724167,0.0,0.1817599982023239,0.017559994012117386,0.04663999006152153,0.14573000371456146,212.875,0.0017260720487684011,0.004042499698698521,-0.00026982976123690605,0.025348033756017685
26500.0,217088000.0,2950477.7547662193,73.57723665237427,1.0,0.0,0.0,0.9000000357627869,0.0,0.20000000298023224,0.0,0.10000000149011612,0.2750000059604645,0.7083999514579773,0.0,0.0,0.34019994735717773,0.0,0.0811999961733818,0.0,0.017199993133544922,0.1433749943971634,218.0,0.001718435320071876,0.004000517074018717,-0.0002570227370597422,0.024800507351756096
26750.0,219136000.0,2911698.5176020777,75.2605390548706,1.0,0.0,0.0,0.0,0.0,0.0,0.0,0.10000000149011612,0.13750000298023224,0.6961600184440613,0.0,0.0,0.0,0.0,0.0,0.0,0.04887999966740608,0.09312999993562698,230.0,0.0017605386674404144,0.004046728368848562,-0.00023862847592681646,0.02419699914753437
27000.0,221184000.0,2982135.109068825,74.169677734375,1.0,0.699999988079071,0.0,1.0,0.0,0.800000011920929,0.10000000149011612,1.0,0.5750000476837158,0.7739199995994568,0.29823997616767883,0.0,0.3095199763774872,0.0,0.3485599458217621,0.012519997544586658,0.40671998262405396,0.268684983253479,188.375,0.0017459270311519504,0.0039987461641430855,-0.0002302342763869092,0.02321172133088112
27250.0,223232000.0,3032206.7936282917,73.62030863761902,0.9000000357627869,0.30000001192092896,0.0,0.800000011920929,0.0,0.699999988079071,0.0,0.10000000149011612,0.3499999940395355,0.6343200206756592,0.13871999084949493,0.0,0.21031998097896576,0.0,0.24063996970653534,0.0,0.009999996982514858,0.15424999594688416,222.125,0.0018052376108244061,0.004088770132511854,-0.00021700063371099532,0.022146718576550484
27500.0,225280000.0,3020802.332679469,74.57621359825134,0.800000011920929,0.0,0.0,0.0,0.0,0.20000000298023224,0.0,0.0,0.125,0.5285599827766418,0.0,0.0,0.0,0.0,0.04159998893737793,0.0,0.0,0.07126999646425247,233.0,0.0017777379835024476,0.0040249996818602085,-0.00021144631318747997,0.02331569604575634
27750.0,227328000.0,3118403.919823903,72.89883089065552,0.9000000357627869,0.0,0.0,0.0,0.0,0.0,0.0,0.0,0.11250000447034836,0.5443199872970581,0.0,0.0,0.0,0.0,0.0,0.0,0.0,0.06803999841213226,250.0,0.0017893892945721745,0.003996571525931358,-0.0001843901554821059,0.02450636774301529
28000.0,229376000.0,3054221.3539717663,75.10130190849304,0.699999988079071,0.0,0.0,0.0,0.0,0.30000001192092896,0.0,0.0,0.125,0.4156000316143036,0.0,0.0,0.0,0.0,0.07319999486207962,0.0,0.0,0.06110000237822533,230.5,0.0017576692625880241,0.003909536637365818,-0.00017346857930533588,0.023630492389202118
28250.0,231424000.0,3673002.0600178717,63.006771087646484,0.9000000357627869,0.10000000149011612,0.0,0.5,0.0,0.699999988079071,0.10000000149011612,0.20000000298023224,0.3125,0.6227999925613403,0.05607999488711357,0.0,0.09643997997045517,0.0,0.23775997757911682,0.02115999534726143,0.091279998421669,0.14068998396396637,218.375,0.0018432962242513895,0.004044833593070507,-0.00015490672376472503,0.024213558062911034
28500.0,233472000.0,4887216.455345074,47.77197861671448,1.0,0.20000000298023224,0.0,0.0,0.0,0.800000011920929,0.0,0.10000000149011612,0.26250001788139343,0.7285600304603577,0.04015999659895897,0.0,0.0,0.0,0.16639995574951172,0.0,0.01863999478518963,0.11921999603509903,216.75,0.0017599023412913084,0.0038643728476017714,-0.00014830227883066982,0.023981858044862747
28750.0,235520000.0,4827113.468688317,48.7910635471344,0.9000000357627869,0.4000000059604645,0.0,0.10000000149011612,0.0,0.6000000238418579,0.0,0.0,0.25,0.6451199650764465,0.20127998292446136,0.0,0.010359996929764748,0.0,0.16583998501300812,0.0,0.0,0.12782499194145203,225.5,0.001774275442585349,0.0038325716741383076,-0.00011777660984080285,0.02423391491174698
29000.0,237568000.0,4891656.944530007,48.565956830978394,1.0,0.20000000298023224,0.0,0.4000000059604645,0.0,0.699999988079071,0.0,0.10000000149011612,0.30000001192092896,0.7371999621391296,0.058879997581243515,0.0,0.124239981174469,0.0,0.24424000084400177,0.0,0.03591999411582947,0.1500599980354309,195.625,0.001811811001971364,0.0038672382943332195,-9.833531657932326e-05,0.023472672328352928
29250.0,239616000.0,4528673.600030439,52.9108567237854,0.9000000357627869,0.20000000298023224,0.0,0.0,0.0,0.6000000238418579,0.0,0.4000000059604645,0.26249998807907104,0.7063199877738953,0.10423999279737473,0.0,0.0,0.0,0.19391997158527374,0.0,0.06015998125076294,0.13307999074459076,215.25,0.0018512146780267358,0.003921485971659422,-8.4752231487073e-05,0.02477596141397953
29500.0,241664000.0,4961580.799698158,48.70705723762512,0.6000000238418579,0.6000000238418579,0.0,0.699999988079071,0.0,0.699999988079071,0.0,0.5,0.38750001788139343,0.3840000033378601,0.2702399790287018,0.0,0.1905999779701233,0.0,0.2370399683713913,0.0,0.1486399918794632,0.15381500124931335,249.75,0.0018805345753207803,0.003937286790460348,-6.33691088296473e-05,0.024739710614085197
29750.0,243712000.0,5054775.041823945,48.2142128944397,0.9000000357627869,0.4000000059604645,0.0,0.0,0.0,0.5,0.0,0.30000001192092896,0.26250001788139343,0.6163199543952942,0.09759999066591263,0.0,0.0,0.0,0.17167998850345612,0.0,0.11495999246835709,0.1250699907541275,212.5,0.0019659465178847313,0.004056750331073999,-3.816361277131364e-05,0.02426493540406227
30000.0,245760000.0,5087117.255372546,48.31026840209961,0.699999988079071,0.10000000149011612,0.0,0.20000000298023224,0.0,0.30000001192092896,0.0,0.10000000149011612,0.17499999701976776,0.4984000325202942,0.025839997455477715,0.0,0.048079993575811386,0.0,0.09407999366521835,0.0,0.036639995872974396,0.08788000047206879,225.25,0.001933278632350266,0.003935711923986673,-1.0804179510159884e-05,0.023773176595568657
