num_updates,num_env_steps,sps,steps_per_second,time_delta,solve_rate/SixteenRooms,solve_rate/SixteenRooms2,solve_rate/Labyrinth,solve_rate/LabyrinthFlipped,solve_rate/Labyrinth2,solve_rate/StandardMaze,solve_rate/StandardMaze2,solve_rate/StandardMaze3,solve_rate/mean,return/SixteenRooms,return/SixteenRooms2,return/Labyrinth,return/LabyrinthFlipped,return/Labyrinth2,return/StandardMaze,return/StandardMaze2,return/StandardMaze3,return/mean,eval_ep_lengths/mean,agent/loss,agent/critic_loss,agent/actor_loss,agent/entropy,level/mean_num_blocks,train/learnability,train/success_rate,level_sampler/size,level_sampler/episode_count,level_sampler/max_score,level_sampler/weighted_score,level_sampler/mean_score,level_sampler/mean_p,level_sampler/mean_max_return,sfl/topk_learnability,sfl/population_learnability,branch/num_dr_updates,branch/num_replay_updates,branch/num_mutation_updates,branch/num_sfl_updates
250.0,2048000.0,49771.21690416293,49771.21690416293,41.14828062057495,0.0,0.0,0.0,0.0,0.0,0.0,0.0,0.0,0.0,0.0,0.0,0.0,0.0,0.0,0.0,0.0,0.0,0.0,250.0,0.00028524326626211405,0.004026428330689669,-3.256323211076051e-09,1.7279677391052246,23.33700180053711,0.05325000360608101,0.10200000554323196,1808.0,1808.0,0.25,nan,0.05548257753252983,0.10771571099758148,0.18011260032653809,0.220703125,0.0591517873108387,222.0,0.0,0.0,28.0
500.0,4096000.0,106730.92843568418,53365.46421784209,38.37687969207764,0.0,0.0,0.0,0.0,0.0,0.0,0.0,0.0,0.0,0.0,0.0,0.0,0.0,0.0,0.0,0.0,0.0,0.0,250.0,0.0005730371922254562,0.004224292002618313,-4.672277282224968e-05,1.4923861026763916,24.377750396728516,0.12452888488769531,0.2511045038700104,2807.0,6040.0,0.25,nan,0.07351534068584442,0.14359192550182343,0.2582188844680786,0.21875,0.0488281287252903,242.0,101.0,101.0,56.0
750.0,6144000.0,247272.1322309742,82424.0440769914,24.847118616104126,0.0,0.0,0.0,0.0,0.0,0.0,0.0,0.0,0.0,0.0,0.0,0.0,0.0,0.0,0.0,0.0,0.0,0.0,250.0,0.0016647828742861748,0.005116409622132778,-5.747237810282968e-05,0.8359494805335999,25.394500732421875,0.1639050990343094,0.35054755210876465,3724.0,10512.0,0.25,nan,0.09904978424310684,0.20183834433555603,0.3560495972633362,0.25,0.1411830484867096,242.0,212.0,212.0,84.0
1000.0,8192000.0,335938.3356438069,83984.58391095173,24.385427713394165,0.0,0.0,0.0,0.0,0.0,0.0,0.0,0.0,0.0,0.0,0.0,0.0,0.0,0.0,0.0,0.0,0.0,0.0,250.0,0.002766137709841132,0.007334028370678425,-0.0001521250233054161,0.7487514019012451,25.521251678466797,0.1686806082725525,0.42950794100761414,4000.0,14984.0,0.25,0.204891175031662,0.1158217266201973,0.24333207309246063,0.4236331880092621,0.25,0.1409040242433548,242.0,323.0,323.0,112.0
1250.0,10240000.0,388698.1268444862,77739.62536889724,26.344351291656494,0.20000000298023224,0.0,0.0,0.0,0.0,0.0,0.0,0.0,0.02500000037252903,0.08335999399423599,0.0,0.0,0.0,0.0,0.0,0.0,0.0,0.010419999249279499,250.0,0.0046633463352918625,0.010888936929404736,-0.00017808569828048348,0.6030364036560059,26.596500396728516,0.1675357073545456,0.5559585094451904,4000.0,19456.0,0.25,0.20886217057704926,0.13274168968200684,0.28052860498428345,0.49081361293792725,0.25,0.1473214328289032,242.0,434.0,434.0,140.0
1500.0,12288000.0,414326.712895665,69054.45214927751,29.65775465965271,0.10000000149011612,0.0,0.0,0.0,0.0,0.0,0.0,0.0,0.012500000186264515,0.03519999980926514,0.0,0.0,0.0,0.0,0.0,0.0,0.0,0.004399999976158142,250.0,0.005466881673783064,0.012173451483249664,-0.00015275045007001609,0.46709325909614563,25.619125366210938,0.14106528460979462,0.6737428903579712,4000.0,23928.0,0.2481536865234375,0.21114078164100647,0.1498400717973709,0.3272576928138733,0.5738576650619507,0.236328125,0.0915178582072258,242.0,545.0,545.0,168.0
1750.0,14336000.0,492712.1366542969,70387.44809347099,29.096096754074097,0.20000000298023224,0.0,0.0,0.0,0.0,0.0,0.0,0.0,0.02500000037252903,0.09667999297380447,0.0,0.0,0.0,0.0,0.0,0.0,0.0,0.01208499912172556,240.875,0.0053892540745437145,0.011873614974319935,-0.00022072791762184352,0.326825886964798,25.33737564086914,0.12872721254825592,0.7264392375946045,4000.0,28400.0,0.24847412109375,0.21643362939357758,0.16661646962165833,0.37391212582588196,0.6598328948020935,0.21484375,0.0507812537252903,242.0,656.0,656.0,196.0
2000.0,16384000.0,639961.1067567184,79995.1383445898,25.601555824279785,0.10000000149011612,0.0,0.0,0.0,0.0,0.0,0.0,0.0,0.012500000186264515,0.021519994363188744,0.0,0.0,0.0,0.0,0.0,0.0,0.0,0.002689999295398593,250.0,0.0050954208709299564,0.011367453262209892,-0.00030373138724826276,0.2845743000507355,25.577625274658203,0.1253637820482254,0.7277666926383972,4000.0,32872.0,0.2497243881225586,0.22233079373836517,0.1791287064552307,0.4189739227294922,0.7264704704284668,0.2109375,0.0460379496216774,242.0,767.0,767.0,224.0
2250.0,18432000.0,736794.8046678818,81866.08940754241,25.016463041305542,0.5,0.0,0.0,0.0,0.0,0.0,0.0,0.0,0.0625,0.2425999939441681,0.0,0.0,0.0,0.0,0.0,0.0,0.0,0.03032499924302101,250.0,0.005435849539935589,0.011855612508952618,-0.0002458932576701045,0.24606351554393768,25.154876708984375,0.12567855417728424,0.7291266918182373,4000.0,37344.0,0.2490234375,0.22546420991420746,0.18728092312812805,0.4584212601184845,0.7727201581001282,0.21484375,0.0465959832072258,242.0,878.0,878.0,252.0
2500.0,20480000.0,830778.1400045332,83077.81400045332,24.65158748626709,0.20000000298023224,0.0,0.0,0.0,0.0,0.0,0.0,0.0,0.02500000037252903,0.051319994032382965,0.0,0.0,0.0,0.0,0.0,0.0,0.0,0.006414999254047871,250.0,0.005445125978440046,0.011738084256649017,-0.00021353704505600035,0.2103799283504486,25.488126754760742,0.12211832404136658,0.7378844618797302,4000.0,41816.0,0.24761581420898438,0.22852148115634918,0.1937061846256256,0.49676230549812317,0.8112164735794067,0.205078125,0.0343191996216774,242.0,989.0,989.0,280.0
2750.0,22528000.0,831752.8940780195,75613.89946163814,27.084967374801636,0.6000000238418579,0.0,0.0,0.0,0.0,0.0,0.0,0.0,0.07500000298023224,0.34115999937057495,0.0,0.0,0.0,0.0,0.0,0.0,0.0,0.04264499992132187,231.25,0.005796883720904589,0.012420780956745148,-0.0002005965798161924,0.21291029453277588,25.669876098632812,0.12392137199640274,0.7368897795677185,4000.0,46288.0,0.2491559386253357,0.2314576506614685,0.1966036707162857,0.5328161716461182,0.8382847309112549,0.2109375,0.0334821455180645,242.0,1100.0,1100.0,308.0
3000.0,24576000.0,830805.9041766255,69233.82534805214,29.58091640472412,1.0,0.0,0.0,0.0,0.0,0.0,0.0,0.0,0.125,0.52947998046875,0.0,0.0,0.0,0.0,0.0,0.0,0.0,0.06618499755859375,235.125,0.00555716035887599,0.01213084813207388,-0.0003092748811468482,0.19898918271064758,25.410375595092773,0.12086673825979233,0.7504130005836487,4000.0,50760.0,0.24684691429138184,0.23144248127937317,0.19650298357009888,0.5651752948760986,0.8574062585830688,0.20703125,0.0379464291036129,242.0,1211.0,1211.0,336.0
3250.0,26624000.0,893444.5647829729,68726.50498330561,29.799274682998657,0.4000000059604645,0.0,0.0,0.0,0.0,0.0,0.0,0.0,0.05000000074505806,0.24915997684001923,0.0,0.0,0.0,0.0,0.0,0.0,0.0,0.031144997105002403,250.0,0.005343161057680845,0.0118418512865901,-0.0004006043600384146,0.17716056108474731,25.274126052856445,0.11771740019321442,0.7708030343055725,4000.0,55232.0,0.24609375,0.23096567392349243,0.19550243020057678,0.5947805643081665,0.8702697157859802,0.197265625,0.0281808041036129,242.0,1322.0,1322.0,364.0
3500.0,28672000.0,1139068.0801435309,81362.00572453791,25.171454191207886,0.4000000059604645,0.0,0.0,0.0,0.0,0.0,0.0,0.0,0.05000000074505806,0.10911998897790909,0.0,0.0,0.0,0.0,0.0,0.0,0.0,0.013639998622238636,250.0,0.005454824771732092,0.01189021673053503,-0.00032760624890215695,0.16267737746238708,25.76412582397461,0.11706656217575073,0.7655922174453735,4000.0,59704.0,0.2490234375,0.2322821319103241,0.19252796471118927,0.620919942855835,0.8793575167655945,0.1484375,0.0212053582072258,242.0,1433.0,1433.0,392.0
3750.0,30720000.0,1222722.8026443468,81514.85350962312,25.124255418777466,0.4000000059604645,0.10000000149011612,0.0,0.0,0.0,0.0,0.0,0.0,0.0625,0.20200000703334808,0.05751999840140343,0.0,0.0,0.0,0.0,0.0,0.0,0.03243999928236008,233.5,0.005716451909393072,0.012335949577391148,-0.0002870942698791623,0.16442856192588806,26.00050163269043,0.1172754243016243,0.7637149095535278,4000.0,64176.0,0.2455902099609375,0.22917784750461578,0.1884479820728302,0.6477791666984558,0.8866202235221863,0.150390625,0.02148437686264515,242.0,1544.0,1544.0,420.0
4000.0,32768000.0,1320870.7448457803,82554.42155286127,24.807877779006958,0.9000000357627869,0.20000000298023224,0.0,0.0,0.0,0.0,0.0,0.0,0.13750000298023224,0.45107993483543396,0.0721999928355217,0.0,0.0,0.0,0.0,0.0,0.0,0.06540998816490173,247.0,0.005629453808069229,0.012210477143526077,-0.00032111609471030533,0.15466876327991486,25.532501220703125,0.11349330842494965,0.7850210666656494,4000.0,68648.0,0.2481536865234375,0.22964750230312347,0.18309399485588074,0.670589029788971,0.8924009203910828,0.201171875,0.0287388414144516,242.0,1655.0,1655.0,448.0
4250.0,34816000.0,1250519.8312906337,73559.99007591963,27.841221809387207,0.9000000357627869,0.0,0.0,0.6000000238418579,0.5,0.0,0.0,0.800000011920929,0.3499999940395355,0.5464800000190735,0.0,0.0,0.2619599997997284,0.18787996470928192,0.0,0.0,0.4266799986362457,0.17787498235702515,198.875,0.005201124120503664,0.011408980004489422,-0.00037407089257612824,0.12929515540599823,25.648876190185547,0.11016599833965302,0.7955790758132935,4000.0,73120.0,0.243896484375,0.22516551613807678,0.177089124917984,0.6915658712387085,0.8959569334983826,0.181640625,0.0259486623108387,242.0,1766.0,1766.0,476.0
4500.0,36864000.0,1249784.8215460277,69432.49008589043,29.496277570724487,1.0,0.10000000149011612,0.0,0.0,0.30000001192092896,0.0,0.0,0.0,0.17500001192092896,0.7224399447441101,0.07048000395298004,0.0,0.0,0.16067998111248016,0.0,0.0,0.0,0.11919999122619629,228.25,0.005016394890844822,0.010966731235384941,-0.0003419203276280314,0.12505008280277252,26.111251831054688,0.10547208040952682,0.8056963086128235,4000.0,77592.0,0.25,0.22712838649749756,0.17090082168579102,0.7158249616622925,0.90231853723526,0.115234375,0.0164620541036129,242.0,1877.0,1877.0,504.0
4750.0,38912000.0,1365587.6410172838,71873.03373775177,28.49469256401062,0.699999988079071,0.0,0.0,0.0,0.10000000149011612,0.0,0.0,0.0,0.10000000149011612,0.2730399966239929,0.0,0.0,0.0,0.03123999945819378,0.0,0.0,0.0,0.03803499788045883,250.0,0.005295226350426674,0.01141215581446886,-0.0002832802420016378,0.12757086753845215,26.20337677001953,0.10688219219446182,0.7958640456199646,4000.0,82064.0,0.25,0.22504562139511108,0.1649782806634903,0.7349212765693665,0.9053177833557129,0.111328125,0.01590401865541935,242.0,1988.0,1988.0,532.0
5000.0,40960000.0,1606987.0367821087,80349.35183910544,25.488693475723267,0.6000000238418579,0.0,0.0,0.0,0.0,0.0,0.0,0.20000000298023224,0.10000000149011612,0.29183998703956604,0.0,0.0,0.0,0.0,0.0,0.0,0.10999999195337296,0.0502299964427948,249.875,0.005511576775461435,0.011928622610867023,-0.0003397394029889256,0.1129949763417244,26.139875411987305,0.10489501059055328,0.8034722805023193,4000.0,86536.0,0.24998992681503296,0.22329634428024292,0.15953843295574188,0.7519034743309021,0.9096047878265381,0.099609375,0.014229911379516125,242.0,2099.0,2099.0,560.0
5250.0,43008000.0,1721422.8456108326,81972.5164576587,24.983983516693115,0.9000000357627869,0.0,0.0,0.0,0.0,0.10000000149011612,0.0,0.20000000298023224,0.15000000596046448,0.3463199734687805,0.0,0.0,0.0,0.0,0.03951999545097351,0.0,0.043039996176958084,0.053609997034072876,248.375,0.005458865314722061,0.011941674165427685,-0.0004095114709343761,0.10245928168296814,26.602127075195312,0.10485399514436722,0.8022571802139282,4000.0,91008.0,0.25,0.22279450297355652,0.15399985015392303,0.7664432525634766,0.9124345779418945,0.095703125,0.013671875931322575,242.0,2210.0,2210.0,588.0
5500.0,45056000.0,1832639.2986568469,83301.78630258395,24.585307121276855,1.0,0.0,0.0,0.0,0.0,0.10000000149011612,0.0,0.20000000298023224,0.16249999403953552,0.7141599655151367,0.0,0.0,0.0,0.0,0.012879997491836548,0.0,0.07399999350309372,0.10012999176979065,226.0,0.005421198904514313,0.011868786066770554,-0.0004170752945356071,0.09611891210079193,26.72762680053711,0.10251319408416748,0.8073552846908569,4000.0,95480.0,0.24965600669384003,0.22051452100276947,0.14789173007011414,0.7820522785186768,0.9141251444816589,0.078125,0.01116071455180645,242.0,2321.0,2321.0,616.0
5750.0,47104000.0,1769843.613288349,76949.72231688474,26.61478090286255,0.800000011920929,0.0,0.0,0.0,0.0,0.0,0.0,0.0,0.10000000149011612,0.44287997484207153,0.0,0.0,0.0,0.0,0.0,0.0,0.0,0.05535999685525894,245.125,0.005479716695845127,0.011965285055339336,-0.00040257698856294155,0.10034921765327454,26.769750595092773,0.10329831391572952,0.8035050630569458,4000.0,99952.0,0.25,0.21921876072883606,0.14215005934238434,0.7959457039833069,0.9160537719726562,0.06640625,0.009486607275903225,242.0,2432.0,2432.0,644.0
6000.0,49152000.0,1675655.3402362147,69818.97250984228,29.333001136779785,0.5,0.0,0.0,0.0,0.20000000298023224,0.0,0.0,0.4000000059604645,0.13750000298023224,0.247639998793602,0.0,0.0,0.0,0.04663999006152153,0.0,0.0,0.227199986577034,0.06518499553203583,231.5,0.0057904887944459915,0.012622041627764702,-0.00041938957292586565,0.10114189982414246,27.39862632751465,0.10463837534189224,0.785546064376831,4000.0,104424.0,0.25,0.2155965268611908,0.13651452958583832,0.8042863011360168,0.9147868752479553,0.091796875,0.01311383955180645,242.0,2543.0,2543.0,672.0
6250.0,51200000.0,1731190.6959887808,69247.62783955123,29.57502031326294,0.5,0.10000000149011612,0.0,0.0,0.0,0.9000000357627869,0.0,0.4000000059604645,0.23750001192092896,0.20191998779773712,0.058959998190402985,0.0,0.0,0.0,0.3877199590206146,0.0,0.16131998598575592,0.10123999416828156,229.125,0.006018653977662325,0.013121389783918858,-0.00044475015602074564,0.0972902849316597,28.067626953125,0.09959111362695694,0.8050900101661682,4000.0,108896.0,0.24329088628292084,0.2108081728219986,0.13115671277046204,0.8143890500068665,0.9152625203132629,0.076171875,0.010881696827709675,242.0,2654.0,2654.0,700.0
6500.0,53248000.0,2055820.9945271334,79070.03825104359,25.901087760925293,0.6000000238418579,0.10000000149011612,0.0,0.0,0.0,0.699999988079071,0.0,0.5,0.23750001192092896,0.2831999957561493,0.027279997244477272,0.0,0.0,0.0,0.2662000060081482,0.0,0.1677199900150299,0.09305000305175781,232.5,0.006095344666391611,0.013216875493526459,-0.0004239916452206671,0.08910167217254639,26.728500366210938,0.09852936118841171,0.8079211115837097,4000.0,113368.0,0.24609375,0.21059384942054749,0.12595003843307495,0.8217957019805908,0.9151172041893005,0.060546875,0.0086495541036129,242.0,2765.0,2765.0,728.0
6750.0,55296000.0,2183184.824715742,80858.69721169415,25.328135013580322,1.0,0.4000000059604645,0.0,0.4000000059604645,0.4000000059604645,0.800000011920929,0.10000000149011612,0.800000011920929,0.48750001192092896,0.4830399453639984,0.27184000611305237,0.0,0.14511999487876892,0.13359998166561127,0.4302799701690674,0.029799997806549072,0.25999999046325684,0.21920999884605408,194.0,0.006071699783205986,0.013229504227638245,-0.0004558890068437904,0.08716347068548203,27.295875549316406,0.09914539009332657,0.8115294575691223,4000.0,117840.0,0.243896484375,0.20775434374809265,0.12154192477464676,0.8292902112007141,0.9148938655853271,0.068359375,0.009765625,242.0,2876.0,2876.0,756.0
7000.0,57344000.0,2308216.599428262,82436.30712243792,24.843422412872314,0.800000011920929,0.0,0.0,0.0,0.0,0.0,0.0,0.5,0.16249999403953552,0.29311999678611755,0.0,0.0,0.0,0.0,0.0,0.0,0.19147999584674835,0.06057500094175339,240.25,0.006239885929971933,0.013466079719364643,-0.0004138610092923045,0.07929234951734543,30.01587677001953,0.10102512687444687,0.7933672666549683,4000.0,122312.0,0.234375,0.20061446726322174,0.1182698979973793,0.8340071439743042,0.9134595394134521,0.044921875,0.006417410913854837,242.0,2987.0,2987.0,784.0
7250.0,59392000.0,2089966.2630179017,72067.80217303109,28.417683601379395,0.6000000238418579,0.0,0.0,0.699999988079071,0.0,0.6000000238418579,0.0,0.10000000149011612,0.25,0.3206399977207184,0.0,0.0,0.2370399683713913,0.0,0.21227999031543732,0.0,0.01647999882698059,0.09830499440431595,225.75,0.005903409793972969,0.012886157259345055,-0.00045408550067804754,0.08558393269777298,27.723125457763672,0.09839341044425964,0.8100336790084839,4000.0,126784.0,0.2451840341091156,0.20620456337928772,0.11474975943565369,0.8384882807731628,0.9122202396392822,0.068359375,0.009765625,242.0,3098.0,3098.0,812.0
7500.0,61440000.0,2079618.990886293,69320.6330295431,29.54387331008911,0.5,0.0,0.0,0.0,1.0,0.0,0.0,0.800000011920929,0.2874999940395355,0.22927998006343842,0.0,0.0,0.0,0.4535199701786041,0.0,0.0,0.49111995100975037,0.14673998951911926,217.375,0.0062121194787323475,0.013480771332979202,-0.00044260694994591177,0.08565988391637802,29.25862693786621,0.09651761502027512,0.8097215890884399,4000.0,131256.0,0.24512983858585358,0.20292966067790985,0.1108328253030777,0.8446210026741028,0.9111006259918213,0.091796875,0.01311383955180645,242.0,3209.0,3209.0,840.0
7750.0,63488000.0,2248659.944201159,72537.4175548761,28.233704328536987,0.20000000298023224,0.0,0.0,1.0,0.0,0.5,0.0,0.0,0.21250000596046448,0.07039999216794968,0.0,0.0,0.46755996346473694,0.0,0.174919992685318,0.0,0.0,0.08910998702049255,238.625,0.006190822925418615,0.013451133854687214,-0.00045272285933606327,0.0820213034749031,29.18512725830078,0.09677544981241226,0.8027190566062927,4000.0,135728.0,0.24847412109375,0.20633529126644135,0.10790423303842545,0.8477013111114502,0.9094973802566528,0.05078125,0.00725446455180645,242.0,3320.0,3320.0,868.0
8000.0,65536000.0,2584389.4182512797,80762.16932035249,25.358407497406006,0.9000000357627869,0.5,0.0,0.5,1.0,0.699999988079071,0.0,0.6000000238418579,0.5250000357627869,0.5673600435256958,0.1363999843597412,0.0,0.15043997764587402,0.37647995352745056,0.179439976811409,0.0,0.3397199809551239,0.21872998774051666,208.125,0.005834019742906094,0.012687671929597855,-0.00043505296343937516,0.07476326078176498,30.102127075195312,0.09586848318576813,0.8138449192047119,4000.0,140200.0,0.2441948652267456,0.2010321319103241,0.10475354641675949,0.8534695506095886,0.9081219434738159,0.052734375,0.007533482275903225,242.0,3431.0,3431.0,896.0
8250.0,67584000.0,2676020.656238669,81091.53503753542,25.25541043281555,0.20000000298023224,0.0,0.0,0.0,0.10000000149011612,0.6000000238418579,0.0,1.0,0.23750001192092896,0.0660799965262413,0.0,0.0,0.0,0.03412000089883804,0.2752799987792969,0.0,0.6137199997901917,0.12364999949932098,228.75,0.006104503758251667,0.013252287171781063,-0.0004472151631489396,0.0744248628616333,30.04387664794922,0.09684798866510391,0.8009148240089417,4000.0,144672.0,0.2490234375,0.20552904903888702,0.10167165100574493,0.8584689497947693,0.9083370566368103,0.03125,0.004464285913854837,242.0,3542.0,3542.0,924.0
8500.0,69632000.0,2786612.5074933837,81959.19139686422,24.98804545402527,0.800000011920929,0.10000000149011612,0.0,0.800000011920929,0.9000000357627869,1.0,0.0,0.0,0.45000001788139343,0.48284003138542175,0.047439999878406525,0.0,0.2873600125312805,0.3747599720954895,0.4941999614238739,0.0,0.0,0.21082499623298645,203.75,0.006165097467601299,0.013190852478146553,-0.00035446748370304704,0.07586155831813812,30.95450210571289,0.09520096331834793,0.8121911883354187,4000.0,149144.0,0.24481290578842163,0.20147497951984406,0.09869815409183502,0.8630123138427734,0.9088380932807922,0.048828125,0.006975446827709675,242.0,3653.0,3653.0,952.0
8750.0,71680000.0,2578973.5336112035,73684.95810317724,27.79400372505188,1.0,0.0,0.0,0.10000000149011612,0.10000000149011612,1.0,0.0,0.6000000238418579,0.3500000238418579,0.6187599897384644,0.0,0.0,0.021879995241761208,0.024039996787905693,0.4610799252986908,0.0,0.40775999426841736,0.19168998301029205,205.375,0.005989628843963146,0.013059697113931179,-0.0004728311614599079,0.06738868355751038,31.965002059936523,0.0930212214589119,0.8116580247879028,4000.0,153616.0,0.24164938926696777,0.19727623462677002,0.0952436551451683,0.868150532245636,0.9074392914772034,0.052734375,0.007533482275903225,242.0,3764.0,3764.0,980.0
9000.0,73728000.0,2520263.8146577813,70007.32818493838,29.254080295562744,0.699999988079071,0.0,0.30000001192092896,0.9000000357627869,0.699999988079071,0.800000011920929,0.0,0.800000011920929,0.5249999761581421,0.37384000420570374,0.0,0.04547999054193497,0.40859994292259216,0.24675999581813812,0.34063997864723206,0.0,0.43783998489379883,0.23164498805999756,199.5,0.005377349443733692,0.011797858402132988,-0.0004498425405472517,0.07173772156238556,29.843252182006836,0.08951350301504135,0.8272486925125122,4000.0,158088.0,0.25,0.20186889171600342,0.09191689640283585,0.8737875819206238,0.9076688885688782,0.060546875,0.0086495541036129,242.0,3875.0,3875.0,1008.0
9250.0,75776000.0,2644346.9969784594,71468.83775617457,28.655845880508423,0.699999988079071,0.0,0.20000000298023224,1.0,0.6000000238418579,1.0,0.10000000149011612,0.20000000298023224,0.4750000238418579,0.310839980840683,0.0,0.0509599931538105,0.5370399355888367,0.30407997965812683,0.5255199670791626,0.044199999421834946,0.1186399981379509,0.236409991979599,179.375,0.006205311976373196,0.0134098706766963,-0.0004306742048356682,0.06894856691360474,29.959627151489258,0.09607597440481186,0.8006194233894348,4000.0,162560.0,0.24582915008068085,0.19988131523132324,0.09098996222019196,0.8745680451393127,0.9055124521255493,0.03515625,0.005022321827709675,242.0,3986.0,3986.0,1036.0
9500.0,77824000.0,3047644.541291598,80201.1721392526,25.535786390304565,0.6000000238418579,0.10000000149011612,0.0,0.6000000238418579,0.800000011920929,0.5,0.0,0.9000000357627869,0.4375,0.3213599622249603,0.029799997806549072,0.0,0.20687997341156006,0.40831995010375977,0.1414399892091751,0.0,0.5378400087356567,0.20570498704910278,194.25,0.005890689790248871,0.01267167180776596,-0.00037975370651111007,0.06539250165224075,31.74237632751465,0.09505975246429443,0.8140791058540344,4000.0,167032.0,0.25,0.2003251612186432,0.08843574672937393,0.8784372210502625,0.9048464298248291,0.0859375,0.012276786379516125,242.0,4097.0,4097.0,1064.0
9750.0,79872000.0,3189310.3196294764,81777.18768280708,25.0436589717865,0.9000000357627869,0.9000000357627869,0.30000001192092896,1.0,0.9000000357627869,1.0,0.0,0.6000000238418579,0.699999988079071,0.474839985370636,0.4636799991130829,0.0965999886393547,0.5219199657440186,0.45611998438835144,0.5859999656677246,0.0,0.3479999899864197,0.36839500069618225,178.75,0.006325897295027971,0.013475341722369194,-0.0003445223264861852,0.06725101172924042,32.39537811279297,0.10018061101436615,0.7770029902458191,4000.0,171504.0,0.24999988079071045,0.20130230486392975,0.08859192579984665,0.8747756481170654,0.9021850824356079,0.04296875,0.006138393189758062,242.0,4208.0,4208.0,1092.0
10000.0,81920000.0,3262290.5327683818,81557.26331920955,25.111190795898438,0.699999988079071,0.0,0.20000000298023224,1.0,0.699999988079071,1.0,0.10000000149011612,0.5,0.5250000357627869,0.2679999768733978,0.0,0.03943999484181404,0.5139999389648438,0.2438799887895584,0.563319981098175,0.012879997491836548,0.265639990568161,0.23839497566223145,201.0,0.006596906576305628,0.014189188368618488,-0.0004426019440870732,0.055086400359869,31.23400115966797,0.09588213264942169,0.7959202527999878,4000.0,175976.0,0.2222561240196228,0.1822529137134552,0.087986059486866,0.8727162480354309,0.8999001979827881,0.02734375,0.00390625,242.0,4319.0,4319.0,1120.0
10250.0,83968000.0,2952571.462699564,72013.93811462352,28.438939094543457,1.0,0.4000000059604645,0.10000000149011612,0.800000011920929,0.30000001192092896,1.0,0.30000001192092896,0.800000011920929,0.5874999761581421,0.6832000613212585,0.14295998215675354,0.017559994012117386,0.43279996514320374,0.09299998730421066,0.6198400259017944,0.1239599958062172,0.37699994444847107,0.3112899959087372,166.375,0.006078779697418213,0.013162101618945599,-0.00044923386303707957,0.053037919104099274,31.688627243041992,0.09171106666326523,0.8058376312255859,4000.0,180448.0,0.24529355764389038,0.19577357172966003,0.08575639873743057,0.876036524772644,0.8989480137825012,0.03515625,0.005022321827709675,242.0,4430.0,4430.0,1148.0
10500.0,86016000.0,2879340.7290979126,68555.7316451884,29.873505115509033,1.0,0.5,0.0,0.800000011920929,0.5,0.4000000059604645,0.0,1.0,0.5249999761581421,0.6723999977111816,0.19831998646259308,0.0,0.2643199861049652,0.15691998600959778,0.09435998648405075,0.0,0.6367599368095398,0.25288498401641846,199.25,0.006082611624151468,0.01308535784482956,-0.00040543751674704254,0.05462978035211563,33.512001037597656,0.09542278200387955,0.7901480197906494,4000.0,184920.0,0.25,0.1999061107635498,0.0845978707075119,0.8778718113899231,0.8977742195129395,0.025390625,0.003627232275903225,242.0,4541.0,4541.0,1176.0
10750.0,88064000.0,3097601.164036678,72037.236372946,28.429741382598877,1.0,0.20000000298023224,0.30000001192092896,0.4000000059604645,0.4000000059604645,0.4000000059604645,0.0,0.9000000357627869,0.45000001788139343,0.6140799522399902,0.054559994488954544,0.10523998737335205,0.1523199826478958,0.08391998708248138,0.22971999645233154,0.0,0.4809599816799164,0.2150999903678894,200.125,0.006287086755037308,0.013606473803520203,-0.0004595300124492496,0.0566195547580719,31.889375686645508,0.09414220601320267,0.7938316464424133,4000.0,189392.0,0.25,0.20000667870044708,0.08399911969900131,0.8774017095565796,0.8966519236564636,0.041015625,0.005859375465661287,242.0,4652.0,4652.0,1204.0
11000.0,90112000.0,3550435.253817238,80691.71031402813,25.380550146102905,0.699999988079071,0.0,0.20000000298023224,0.20000000298023224,0.0,0.5,0.0,0.699999988079071,0.2875000238418579,0.36663997173309326,0.0,0.07543999701738358,0.10495998710393906,0.0,0.17959998548030853,0.0,0.4803999960422516,0.15087999403476715,186.375,0.006116275209933519,0.013303310610353947,-0.00048025394789874554,0.05512707680463791,33.9786262512207,0.09336952865123749,0.7951111197471619,4000.0,193864.0,0.243896484375,0.19501499831676483,0.08278878778219223,0.8782320022583008,0.8952263593673706,0.05078125,0.00725446455180645,242.0,4763.0,4763.0,1232.0
11250.0,92160000.0,3624307.1397115923,80540.15866025761,25.428308486938477,0.699999988079071,0.6000000238418579,0.0,0.800000011920929,0.10000000149011612,0.9000000357627869,0.5,1.0,0.574999988079071,0.43215999007225037,0.17375998198986053,0.0,0.38527998328208923,0.05427999421954155,0.24587999284267426,0.17851999402046204,0.4981599748134613,0.24600499868392944,198.875,0.0061143990606069565,0.013182506896555424,-0.0004233933868817985,0.05346086993813515,33.86750030517578,0.09032751619815826,0.8128870129585266,4000.0,198336.0,0.24571937322616577,0.1956971138715744,0.08041635155677795,0.8841419816017151,0.8946766257286072,0.052734375,0.007533482275903225,242.0,4874.0,4874.0,1260.0
11500.0,94208000.0,3698316.2474389146,80398.17929215032,25.47321367263794,0.9000000357627869,0.5,0.5,0.800000011920929,1.0,1.0,0.10000000149011612,1.0,0.7250000238418579,0.5414400100708008,0.21487998962402344,0.24116002023220062,0.41551995277404785,0.5082399249076843,0.3012399673461914,0.02043999545276165,0.6680799722671509,0.36387497186660767,145.875,0.005668813828378916,0.012317998334765434,-0.00044520743540488183,0.04497818276286125,32.670249938964844,0.0894833356142044,0.8219909071922302,4000.0,202808.0,0.2490234375,0.19733935594558716,0.0787511020898819,0.8883683681488037,0.8952580094337463,0.044921875,0.006417410913854837,242.0,4985.0,4985.0,1288.0
11750.0,96256000.0,3376563.7296067523,71841.78148099473,28.50708818435669,0.800000011920929,0.0,0.30000001192092896,0.800000011920929,0.6000000238418579,0.800000011920929,0.5,1.0,0.6000000238418579,0.5213599801063538,0.0,0.10307998955249786,0.4162399470806122,0.3026399612426758,0.2884399890899658,0.174919992685318,0.759880006313324,0.3208199739456177,199.25,0.005942009389400482,0.012761521153151989,-0.0003934633859898895,0.0452876091003418,34.8072509765625,0.09034884721040726,0.8106860518455505,4000.0,207280.0,0.234375,0.18650516867637634,0.07723493874073029,0.8908142447471619,0.8937510251998901,0.025390625,0.003627232275903225,242.0,5096.0,5096.0,1316.0
12000.0,98304000.0,3325341.9813959766,69277.95794574951,29.562072277069092,1.0,0.10000000149011612,0.800000011920929,1.0,0.6000000238418579,0.800000011920929,0.6000000238418579,1.0,0.737500011920929,0.5852799415588379,0.009999996982514858,0.39247995615005493,0.5197599530220032,0.26735997200012207,0.2351599782705307,0.24719996750354767,0.7465600371360779,0.3754749894142151,135.5,0.005823883228003979,0.012528474442660809,-0.00039835067582316697,0.04200327396392822,35.015750885009766,0.08910632133483887,0.815809965133667,4000.0,211752.0,0.25,0.19732314348220825,0.07619433850049973,0.893178403377533,0.8920140862464905,0.013671875,0.001953125,242.0,5207.0,5207.0,1344.0
12250.0,100352000.0,3691260.8657534127,75331.85440313087,27.18637442588806,0.9000000357627869,0.0,0.0,1.0,0.0,0.9000000357627869,0.0,0.800000011920929,0.45000001788139343,0.4413599669933319,0.0,0.0,0.4592799246311188,0.0,0.4507199227809906,0.0,0.3633199632167816,0.21433496475219727,202.875,0.005959088448435068,0.012844408862292767,-0.0004169564926996827,0.04615945741534233,33.8275032043457,0.08881015330553055,0.8035918474197388,4000.0,216224.0,0.23259545862674713,0.18416263163089752,0.0751827210187912,0.892709493637085,0.8906327486038208,0.052734375,0.007533482275903225,242.0,5318.0,5318.0,1372.0
12500.0,102400000.0,4015675.987026547,80313.51974053094,25.500065326690674,1.0,0.5,0.0,0.800000011920929,0.10000000149011612,0.0,0.0,1.0,0.42500001192092896,0.7163199782371521,0.2011999934911728,0.0,0.40255996584892273,0.024039996787905693,0.0,0.0,0.5694400072097778,0.23919498920440674,194.125,0.006455929949879646,0.013858413323760033,-0.0004254859231878072,0.04779062420129776,35.782501220703125,0.0895221158862114,0.8087130784988403,4000.0,220696.0,0.24847412109375,0.19607096910476685,0.07452715188264847,0.8925312161445618,0.8892215490341187,0.033203125,0.0047433036379516125,242.0,5429.0,5429.0,1400.0
12750.0,104448000.0,4090158.809073072,80199.19233476612,25.53641676902771,0.699999988079071,0.5,0.20000000298023224,0.9000000357627869,0.5,0.6000000238418579,0.800000011920929,0.6000000238418579,0.6000000238418579,0.2982400059700012,0.11983998119831085,0.04015999659895897,0.48851996660232544,0.20803998410701752,0.2083200067281723,0.30103999376296997,0.3692399859428406,0.25417500734329224,201.75,0.00627927016466856,0.013493126258254051,-0.0004232182109262794,0.04407534748315811,35.3025016784668,0.0885087177157402,0.7906409502029419,4000.0,225168.0,0.24999652802944183,0.1942206174135208,0.07310258597135544,0.8923261165618896,0.888907253742218,0.017578125,0.0025111609138548374,242.0,5540.0,5540.0,1428.0
13000.0,106496000.0,3919685.17938444,75378.56114200846,27.16952896118164,0.30000001192092896,0.4000000059604645,1.0,1.0,1.0,1.0,0.699999988079071,0.9000000357627869,0.7875000238418579,0.07103999704122543,0.08535998314619064,0.32823997735977173,0.5427999496459961,0.3944799602031708,0.30699998140335083,0.41739997267723083,0.5162400007247925,0.33281999826431274,189.25,0.006525809410959482,0.014041256159543991,-0.0004491634899750352,0.045655395835638046,35.3748779296875,0.09461738914251328,0.7999458909034729,4000.0,229640.0,0.25,0.19673486053943634,0.07357246428728104,0.8908764719963074,0.8883220553398132,0.07421875,0.0106026791036129,242.0,5651.0,5651.0,1456.0
13250.0,108544000.0,3673882.310629159,69318.53416281432,29.5447678565979,1.0,0.6000000238418579,0.10000000149011612,1.0,0.10000000149011612,0.6000000238418579,0.0,0.6000000238418579,0.5,0.45928001403808594,0.27743998169898987,0.05211999639868736,0.5427999496459961,0.01179999765008688,0.2507999837398529,0.0,0.37968000769615173,0.24673998355865479,216.875,0.006637917831540108,0.014187644235789776,-0.0004135599883738905,0.04234471917152405,35.96950149536133,0.09135861694812775,0.8017954230308533,4000.0,234112.0,0.24609375,0.1939346343278885,0.07394329458475113,0.8892156481742859,0.886441707611084,0.0546875,0.0078125,242.0,5762.0,5762.0,1484.0
13500.0,110592000.0,3754935.649533044,69535.84536172304,29.45243549346924,0.800000011920929,0.800000011920929,1.0,1.0,0.6000000238418579,0.800000011920929,0.10000000149011612,1.0,0.762499988079071,0.484639972448349,0.39607998728752136,0.4175199568271637,0.5298399329185486,0.27887997031211853,0.45295998454093933,0.024759996682405472,0.7407999634742737,0.4156849980354309,168.875,0.0057539804838597775,0.012492381036281586,-0.00045201097964309156,0.04019901156425476,35.46975326538086,0.08910690248012543,0.7984471917152405,4000.0,238584.0,0.243896484375,0.1927906721830368,0.07334857434034348,0.8896974325180054,0.8856112360954285,0.0234375,0.00334821455180645,242.0,5873.0,5873.0,1512.0
13750.0,112640000.0,4339328.288542206,78896.87797349466,25.957934617996216,1.0,1.0,0.10000000149011612,0.5,0.20000000298023224,0.6000000238418579,0.4000000059604645,0.9000000357627869,0.5874999761581421,0.7724800109863281,0.5780799984931946,0.03915999457240105,0.24835996329784393,0.07903999090194702,0.1499999761581421,0.19911998510360718,0.6350399851799011,0.3376599848270416,144.875,0.0060236696153879166,0.012920419685542583,-0.0003963101771660149,0.040229879319667816,35.18375015258789,0.0924813449382782,0.8097570538520813,4000.0,243056.0,0.24571895599365234,0.19376549124717712,0.07368918508291245,0.8895611763000488,0.8839183449745178,0.03125,0.004464285913854837,242.0,5984.0,5984.0,1540.0
14000.0,114688000.0,4525631.032306896,80814.83986262314,25.341880321502686,1.0,0.20000000298023224,0.9000000357627869,0.9000000357627869,0.800000011920929,0.9000000357627869,1.0,1.0,0.8374999761581421,0.6367599964141846,0.09919999539852142,0.45827993750572205,0.48851996660232544,0.4342399537563324,0.24767997860908508,0.5262399911880493,0.6774399876594543,0.4460449814796448,142.75,0.005997763480991125,0.012880408205091953,-0.0004008347459603101,0.04160591959953308,36.331626892089844,0.09037399291992188,0.7988346219062805,4000.0,247528.0,0.23941129446029663,0.189255028963089,0.0733717530965805,0.8908312916755676,0.8835833072662354,0.05078125,0.00725446455180645,242.0,6095.0,6095.0,1568.0
14250.0,116736000.0,4679186.013486074,82090.98269273815,24.94792890548706,1.0,0.9000000357627869,0.5,1.0,0.5,0.9000000357627869,0.4000000059604645,1.0,0.7750000357627869,0.5669199824333191,0.38519999384880066,0.207319974899292,0.5406399965286255,0.2577199637889862,0.5205599665641785,0.21279998123645782,0.704800009727478,0.42449498176574707,160.75,0.005995213519781828,0.012788360938429832,-0.0003586937964428216,0.04027310758829117,35.79800033569336,0.08784833550453186,0.8019983172416687,4000.0,252000.0,0.24609375,0.1935034990310669,0.07226674258708954,0.8926801681518555,0.8828918933868408,0.01171875,0.001674107275903225,242.0,6206.0,6206.0,1596.0
14500.0,118784000.0,4339043.2978192475,74811.09134171117,27.375619888305664,1.0,0.9000000357627869,0.0,0.9000000357627869,0.10000000149011612,0.800000011920929,0.800000011920929,0.6000000238418579,0.6375000476837158,0.7055200338363647,0.42767998576164246,0.0,0.3776399791240692,0.032680001109838486,0.2077999860048294,0.3586399555206299,0.4142399728298187,0.31552499532699585,170.25,0.005906508769840002,0.01272265799343586,-0.0004181147669441998,0.03670533001422882,35.782752990722656,0.08417622745037079,0.8121166825294495,4000.0,256472.0,0.24959148466587067,0.19503052532672882,0.07036079466342926,0.8955040574073792,0.8818983435630798,0.033203125,0.0047433036379516125,242.0,6317.0,6317.0,1624.0
14750.0,120832000.0,4021779.6961642564,68165.75756210604,30.044410467147827,1.0,0.800000011920929,0.0,0.5,0.0,0.9000000357627869,0.6000000238418579,0.5,0.5375000238418579,0.7372000217437744,0.2362399846315384,0.0,0.20587997138500214,0.0,0.33695998787879944,0.2803199887275696,0.2040800154209137,0.2500849962234497,193.25,0.006099966820329428,0.013130086474120617,-0.00042772575397975743,0.03735101595520973,37.512001037597656,0.09078389406204224,0.8054952621459961,4000.0,260944.0,0.22796630859375,0.17999884486198425,0.07014360278844833,0.8964641690254211,0.8808596730232239,0.033203125,0.0047433036379516125,242.0,6428.0,6428.0,1652.0
15000.0,122880000.0,4245223.535454682,70753.72559091136,28.945472240447998,0.9000000357627869,1.0,0.0,0.9000000357627869,0.0,0.0,0.5,0.30000001192092896,0.45000001788139343,0.40355998277664185,0.4700799584388733,0.0,0.40571996569633484,0.0,0.0,0.2548399865627289,0.22655999660491943,0.22009499371051788,191.625,0.005852361209690571,0.012650652788579464,-0.00043257264769636095,0.04039241373538971,37.4483757019043,0.08525007963180542,0.8172513842582703,4000.0,265416.0,0.234375,0.18430691957473755,0.06858856976032257,0.8990610241889954,0.881030797958374,0.017578125,0.0025111609138548374,242.0,6539.0,6539.0,1680.0
15250.0,124928000.0,5192693.001220434,85126.11477410549,24.058422088623047,0.5,1.0,0.10000000149011612,0.0,0.0,0.0,0.0,0.9000000357627869,0.3125,0.291920006275177,0.6003999710083008,0.01467999815940857,0.0,0.0,0.0,0.0,0.5493599772453308,0.18204498291015625,212.0,0.0062667448073625565,0.013420837931334972,-0.0004040210915263742,0.039652932435274124,37.66912841796875,0.08921464532613754,0.8015203475952148,4000.0,269888.0,0.2499847412109375,0.19274136424064636,0.06770139187574387,0.9005593657493591,0.8807841539382935,0.0234375,0.00334821455180645,242.0,6650.0,6650.0,1708.0
15500.0,126976000.0,4986878.418101954,80433.52287261216,25.46202039718628,0.6000000238418579,1.0,0.0,0.0,0.0,0.20000000298023224,0.0,1.0,0.3500000238418579,0.4315199851989746,0.4254399240016937,0.0,0.0,0.0,0.08479999750852585,0.0,0.6702399849891663,0.20149999856948853,187.5,0.006390281021595001,0.013643593527376652,-0.0003965925716329366,0.03492336720228195,37.112003326416016,0.08624152094125748,0.8169863224029541,4000.0,274360.0,0.2325870841741562,0.18140913546085358,0.06645292788743973,0.9021636247634888,0.8799759745597839,0.01171875,0.001674107275903225,242.0,6761.0,6761.0,1736.0
15750.0,129024000.0,5173472.927149696,82118.61789126502,24.939533233642578,1.0,0.6000000238418579,0.9000000357627869,1.0,0.699999988079071,0.800000011920929,0.10000000149011612,0.9000000357627869,0.75,0.5334399938583374,0.10607998818159103,0.274679958820343,0.5046399235725403,0.2964399755001068,0.31759998202323914,0.056439995765686035,0.6494399905204773,0.3423449993133545,167.125,0.006312860641628504,0.013618330471217632,-0.0004582070105243474,0.0380980558693409,38.781375885009766,0.09286763519048691,0.7908493876457214,4000.0,278832.0,0.22207282483577728,0.1749477982521057,0.06721066683530807,0.8988744616508484,0.8787294030189514,0.083984375,0.01199776865541935,242.0,6872.0,6872.0,1764.0
16000.0,131072000.0,4368062.730740126,68250.98016781447,30.006895065307617,0.699999988079071,1.0,0.9000000357627869,1.0,0.800000011920929,0.800000011920929,0.4000000059604645,0.9000000357627869,0.8125,0.36591997742652893,0.34119996428489685,0.3524399697780609,0.5269599556922913,0.2614400088787079,0.3766399919986725,0.11919999122619629,0.38447996973991394,0.34103497862815857,150.375,0.006183022167533636,0.013263309374451637,-0.0004160857934039086,0.03254653140902519,38.655250549316406,0.08849382400512695,0.8001154065132141,4000.0,283304.0,0.23666471242904663,0.18479226529598236,0.06654936820268631,0.8997597694396973,0.8777508735656738,0.0234375,0.00334821455180645,242.0,6983.0,6983.0,1792.0
16250.0,133120000.0,4505159.170538973,69310.14108521497,29.5483455657959,0.9000000357627869,0.9000000357627869,0.699999988079071,0.9000000357627869,1.0,0.699999988079071,0.4000000059604645,1.0,0.8125,0.42479997873306274,0.2757599651813507,0.2309199869632721,0.44603997468948364,0.5427999496459961,0.17871998250484467,0.1847199946641922,0.6651999950408936,0.36861997842788696,175.75,0.006158910226076841,0.013208875432610512,-0.0004128185100853443,0.03270937502384186,37.169376373291016,0.08462175726890564,0.8054531812667847,4000.0,287776.0,0.2490234375,0.1931438148021698,0.06558579206466675,0.8992846012115479,0.8764459490776062,0.0,0.0,242.0,7094.0,7094.0,1820.0
16500.0,135168000.0,5302780.989736149,80345.16651115379,25.490021228790283,1.0,0.800000011920929,0.5,1.0,1.0,1.0,0.800000011920929,1.0,0.887499988079071,0.7458400130271912,0.3262399733066559,0.16843998432159424,0.5427999496459961,0.5348799824714661,0.32283997535705566,0.28303998708724976,0.6940000057220459,0.45225998759269714,159.25,0.006652608513832092,0.014114870689809322,-0.0003724470443557948,0.032379668205976486,38.03237533569336,0.08799686282873154,0.7981144785881042,4000.0,292248.0,0.25,0.1945454329252243,0.0656934604048729,0.8984077572822571,0.8759581446647644,0.01171875,0.001674107275903225,242.0,7205.0,7205.0,1848.0
16750.0,137216000.0,5813980.16703756,86775.8233886203,23.601043701171875,0.6000000238418579,0.6000000238418579,0.4000000059604645,1.0,1.0,1.0,1.0,1.0,0.824999988079071,0.16223998367786407,0.2961599826812744,0.13791997730731964,0.5154399275779724,0.3203199803829193,0.41895994544029236,0.535599946975708,0.43623995780944824,0.3528599739074707,193.875,0.006309580057859421,0.013369699008762836,-0.0003432100056670606,0.03205941990017891,38.30862808227539,0.08819612860679626,0.7999979257583618,4000.0,296720.0,0.2499796599149704,0.19347895681858063,0.06578071415424347,0.8984474539756775,0.8753659725189209,0.025390625,0.003627232275903225,242.0,7316.0,7316.0,1876.0
17000.0,139264000.0,6162063.268600266,90618.57747941569,22.60022234916687,0.699999988079071,0.699999988079071,1.0,1.0,1.0,1.0,0.20000000298023224,1.0,0.8250000476837158,0.49695998430252075,0.41200000047683716,0.4960000216960907,0.5427999496459961,0.48879995942115784,0.5377599596977234,0.11215998977422714,0.6976000070571899,0.47301000356674194,160.875,0.006837400607764721,0.014491356909275055,-0.0003764317953027785,0.03184607997536659,38.3853759765625,0.08981450647115707,0.7981297969818115,4000.0,301192.0,0.234375,0.18328672647476196,0.06653258949518204,0.8961396813392639,0.8728604912757874,0.03125,0.004464285913854837,242.0,7427.0,7427.0,1904.0
17250.0,141312000.0,5157560.553072634,74747.25439235702,27.39899969100952,0.800000011920929,0.6000000238418579,0.9000000357627869,1.0,0.9000000357627869,1.0,0.9000000357627869,1.0,0.8875000476837158,0.4349599778652191,0.08447998017072678,0.2797199785709381,0.5269599556922913,0.2897999882698059,0.3717999756336212,0.474839985370636,0.4635999798774719,0.36576998233795166,178.0,0.006821746006608009,0.01444376539438963,-0.0003651413426268846,0.03499514237046242,39.41587829589844,0.09234470874071121,0.7886962890625,4000.0,305664.0,0.24761581420898438,0.19169452786445618,0.06680146604776382,0.8949798941612244,0.8709660172462463,0.0078125,0.0011160714784637094,242.0,7538.0,7538.0,1932.0
17500.0,143360000.0,4849046.230503962,69272.08900719945,29.564576864242554,0.9000000357627869,0.4000000059604645,1.0,1.0,1.0,0.9000000357627869,0.9000000357627869,1.0,0.8875000476837158,0.6040800213813782,0.07239998131990433,0.5183199644088745,0.5427999496459961,0.5427999496459961,0.29159998893737793,0.40643998980522156,0.7623999714851379,0.46760496497154236,153.75,0.006260334048420191,0.013319051824510098,-0.00036443272256292403,0.03475930169224739,41.3900032043457,0.09213830530643463,0.7650713324546814,4000.0,310136.0,0.238037109375,0.1863093078136444,0.06801571696996689,0.8918203115463257,0.868586003780365,0.013671875,0.001953125,242.0,7649.0,7649.0,1960.0
17750.0,145408000.0,4862616.007605987,68487.54940290122,29.903245449066162,1.0,0.9000000357627869,0.699999988079071,1.0,0.800000011920929,1.0,0.4000000059604645,0.699999988079071,0.8125,0.8149600028991699,0.4233599603176117,0.20643997192382812,0.4700799584388733,0.16927997767925262,0.5651199817657471,0.05367999151349068,0.38895997405052185,0.3864849805831909,155.875,0.007055295631289482,0.014888790436089039,-0.00035650210338644683,0.03259720280766487,39.518253326416016,0.0889115184545517,0.7894813418388367,4000.0,314608.0,0.25,0.19419771432876587,0.06767826527357101,0.8895933628082275,0.8669516444206238,0.01171875,0.001674107275903225,242.0,7760.0,7760.0,1988.0
18000.0,147456000.0,5458483.981586637,75812.27752203663,27.01409411430359,1.0,0.30000001192092896,0.0,0.0,0.20000000298023224,0.0,0.0,1.0,0.3125,0.7069600224494934,0.03431999310851097,0.0,0.0,0.061039991676807404,0.0,0.0,0.4103200137615204,0.15158000588417053,210.625,0.00652119517326355,0.013975641690194607,-0.00043232913594692945,0.03429626673460007,38.41462707519531,0.09139830619096756,0.7803381681442261,4000.0,319080.0,0.24997150897979736,0.19416692852973938,0.06808626651763916,0.8873465657234192,0.8657942414283752,0.0546875,0.0078125,242.0,7871.0,7871.0,2016.0
18250.0,149504000.0,6232573.4719726965,85377.71879414652,23.987523078918457,1.0,0.20000000298023224,0.0,0.0,0.0,0.5,0.0,1.0,0.3375000059604645,0.7249600291252136,0.04735999181866646,0.0,0.0,0.0,0.1032799705862999,0.0,0.3959200084209442,0.15894000232219696,212.75,0.006292484235018492,0.013399277813732624,-0.00037761786370538175,0.02953675203025341,37.47125244140625,0.0894218385219574,0.7892801761627197,4000.0,323552.0,0.21940463781356812,0.17352049052715302,0.06793785095214844,0.8859237432479858,0.8638313412666321,0.0234375,0.00334821455180645,242.0,7982.0,7982.0,2044.0
18500.0,151552000.0,6041121.391891962,81636.7755661076,25.086733102798462,1.0,0.699999988079071,0.0,0.0,0.20000000298023224,0.30000001192092896,0.0,1.0,0.4000000059604645,0.8243200182914734,0.17151997983455658,0.0,0.0,0.04375999793410301,0.09839998930692673,0.0,0.652239978313446,0.22378000617027283,204.375,0.006373701151460409,0.013554788194596767,-0.0003739208332262933,0.029772359877824783,40.531002044677734,0.08871080726385117,0.7951247692108154,4000.0,328024.0,0.2490234375,0.19426807761192322,0.06852002441883087,0.8864485025405884,0.8623066544532776,0.01953125,0.0027901786379516125,242.0,8093.0,8093.0,2072.0
18750.0,153600000.0,6541848.974856789,87224.65299809053,23.479600429534912,0.800000011920929,0.800000011920929,1.0,1.0,0.9000000357627869,1.0,1.0,1.0,0.9375,0.6430400013923645,0.3139999806880951,0.5183199644088745,0.5427999496459961,0.48851996660232544,0.3023199737071991,0.5003199577331543,0.6864399909973145,0.49946996569633484,153.5,0.006515080574899912,0.013827438466250896,-0.00036878848914057016,0.02984909899532795,40.413002014160156,0.08771403878927231,0.8034709692001343,4000.0,332496.0,0.2499847412109375,0.1933661699295044,0.0681329220533371,0.8900983333587646,0.8635100722312927,0.0234375,0.00334821455180645,242.0,8204.0,8204.0,2100.0
19000.0,155648000.0,6534361.445044139,85978.44006637025,23.81992506980896,1.0,0.4000000059604645,0.10000000149011612,1.0,0.9000000357627869,1.0,0.5,1.0,0.737500011920929,0.493120014667511,0.09471998363733292,0.049240000545978546,0.5427999496459961,0.46907997131347656,0.2803599536418915,0.2670799791812897,0.6868000030517578,0.3603999614715576,182.5,0.006367634050548077,0.01351485401391983,-0.00036225226358510554,0.02754148654639721,40.71537780761719,0.08894914388656616,0.791883111000061,4000.0,336968.0,0.24496129155158997,0.19018034636974335,0.06854425370693207,0.8898840546607971,0.8616029620170593,0.01171875,0.001674107275903225,242.0,8315.0,8315.0,2128.0
19250.0,157696000.0,6336250.691931929,82288.97002508999,24.887904167175293,0.5,0.9000000357627869,0.0,0.9000000357627869,0.5,0.5,0.20000000298023224,1.0,0.5625,0.29335999488830566,0.4471200108528137,0.0,0.48851996660232544,0.2605999708175659,0.13927999138832092,0.1085599884390831,0.5575600266456604,0.28687500953674316,214.5,0.006760085001587868,0.014258512295782566,-0.0003411607176531106,0.028009925037622452,40.94562530517578,0.09024923294782639,0.8031067848205566,4000.0,341440.0,0.25,0.19495567679405212,0.06891438364982605,0.8902864456176758,0.859880268573761,0.01953125,0.0027901786379516125,242.0,8426.0,8426.0,2156.0
19500.0,159744000.0,5708962.459157756,73191.8263994584,27.981266498565674,0.9000000357627869,1.0,0.0,1.0,0.10000000149011612,1.0,0.0,0.0,0.5,0.5508000254631042,0.49455997347831726,0.0,0.5427999496459961,0.01467999815940857,0.4023999869823456,0.0,0.0,0.25065499544143677,192.625,0.006613246630877256,0.01387838926166296,-0.000298525468679145,0.027422307059168816,39.507877349853516,0.09054546058177948,0.7850679159164429,4000.0,345912.0,0.24716734886169434,0.19314342737197876,0.06966055929660797,0.8888883590698242,0.8582010865211487,0.025390625,0.003627232275903225,242.0,8537.0,8537.0,2184.0
19750.0,161792000.0,5477552.5085211815,69336.10770279977,29.53727960586548,0.0,1.0,0.0,0.800000011920929,0.30000001192092896,0.9000000357627869,0.4000000059604645,1.0,0.5499999523162842,0.0,0.5737599730491638,0.0,0.4342399537563324,0.11819999665021896,0.44855996966362,0.14151999354362488,0.3354399800300598,0.25646495819091797,209.625,0.006826051045209169,0.014478065073490143,-0.00038442283403128386,0.028559288010001183,39.60700225830078,0.09356363117694855,0.7801340818405151,4000.0,350384.0,0.24901160597801208,0.19391784071922302,0.07134539633989334,0.8850539922714233,0.8580105304718018,0.08203125,0.011718750931322575,242.0,8648.0,8648.0,2212.0
20000.0,163840000.0,5811433.769768116,72642.92212210146,28.19269847869873,0.10000000149011612,1.0,0.10000000149011612,0.4000000059604645,0.0,0.9000000357627869,0.10000000149011612,1.0,0.44999998807907104,0.08488000184297562,0.38295993208885193,0.027639998123049736,0.1868799924850464,0.0,0.422639936208725,0.035559993237257004,0.4923999309539795,0.2041199803352356,230.5,0.0068971263244748116,0.014637518674135208,-0.0003921756288036704,0.02945714257657528,38.57875061035156,0.09302350133657455,0.7864518165588379,4000.0,354856.0,0.25,0.19528378546237946,0.07303068786859512,0.8825119733810425,0.8579537868499756,0.0703125,0.01004464365541935,242.0,8759.0,8759.0,2240.0
20250.0,165888000.0,6571906.549854551,81134.64876363643,25.241990089416504,0.9000000357627869,1.0,0.0,0.5,0.20000000298023224,0.800000011920929,0.20000000298023224,1.0,0.5750000476837158,0.6897600293159485,0.5564799904823303,0.0,0.247639998793602,0.10207998752593994,0.3593599796295166,0.0408799946308136,0.7083999514579773,0.3380749821662903,202.25,0.006885542068630457,0.0145336352288723,-0.0003545632935129106,0.026711970567703247,38.26112747192383,0.08807740360498428,0.8026819229125977,4000.0,359328.0,0.2499498724937439,0.19387884438037872,0.07283695787191391,0.8837826251983643,0.857941210269928,0.041015625,0.005859375465661287,242.0,8870.0,8870.0,2268.0
20500.0,167936000.0,6926702.752022832,84471.98478076624,24.24472451210022,0.9000000357627869,1.0,0.0,0.4000000059604645,0.20000000298023224,1.0,0.5,1.0,0.625,0.6292800307273865,0.557919979095459,0.0,0.1947999745607376,0.10423999279737473,0.5737599730491638,0.19075998663902283,0.7429599761962891,0.3742150068283081,159.25,0.0070239482447505,0.014824672602117062,-0.00035970311728306115,0.028685713186860085,40.1202507019043,0.09415008872747421,0.785875141620636,4000.0,363800.0,0.25,0.19557377696037292,0.07321382313966751,0.8830447196960449,0.8562330007553101,0.0390625,0.005580357275903225,242.0,8981.0,8981.0,2296.0
20750.0,169984000.0,7058271.621728487,85039.41712925887,24.0829496383667,1.0,0.5,1.0,1.0,1.0,1.0,1.0,1.0,0.9375,0.7652799487113953,0.16663996875286102,0.4002399444580078,0.5427999496459961,0.5320000052452087,0.3951999545097351,0.5154399275779724,0.6673600077629089,0.49811995029449463,144.5,0.006456719245761633,0.013749081641435623,-0.0003878092975355685,0.030011940747499466,40.84662628173828,0.08755914866924286,0.8010382652282715,4000.0,368272.0,0.25,0.1954115778207779,0.0730794221162796,0.8837886452674866,0.8546157479286194,0.02734375,0.00390625,242.0,9092.0,9092.0,2324.0
21000.0,172032000.0,7384395.462420432,87909.46979071942,23.296693801879883,1.0,0.30000001192092896,0.5,0.800000011920929,0.20000000298023224,1.0,0.800000011920929,1.0,0.699999988079071,0.6500800251960754,0.08471998572349548,0.12379999458789825,0.42559996247291565,0.10423999279737473,0.43623995780944824,0.41335994005203247,0.6018399596214294,0.35498496890068054,177.5,0.0064120059832930565,0.013623971492052078,-0.00036993096000514925,0.03004889376461506,40.56025314331055,0.08892644196748734,0.8060146570205688,4000.0,372744.0,0.24964499473571777,0.1959225833415985,0.07228866964578629,0.8867812752723694,0.8532261252403259,0.013671875,0.001953125,242.0,9203.0,9203.0,2352.0
21250.0,174080000.0,6933768.896041097,81573.75171813054,25.106115102767944,1.0,0.800000011920929,0.9000000357627869,1.0,0.800000011920929,1.0,1.0,1.0,0.9375,0.6536800265312195,0.3168799579143524,0.4604399800300598,0.5427999496459961,0.4342399537563324,0.28683996200561523,0.5147199630737305,0.7227999567985535,0.4915499687194824,127.75,0.006548544391989708,0.013829491101205349,-0.0003375180531293154,0.028683258220553398,40.82837677001953,0.09324109554290771,0.7799233794212341,4000.0,377216.0,0.2490835189819336,0.19517652690410614,0.07311394810676575,0.8863634467124939,0.8511455655097961,0.021484375,0.003069196594879031,242.0,9314.0,9314.0,2380.0
21500.0,176128000.0,6306226.694740689,73328.2173807057,27.929221153259277,1.0,1.0,1.0,1.0,1.0,1.0,0.9000000357627869,1.0,0.987500011920929,0.5406399965286255,0.36711999773979187,0.5211999416351318,0.5427999496459961,0.47655993700027466,0.45207998156547546,0.4525199830532074,0.7235199809074402,0.5095549821853638,131.25,0.006499765906482935,0.01385925617069006,-0.0003976346051786095,0.032227370887994766,40.59700012207031,0.0863882303237915,0.8016096353530884,4000.0,381688.0,0.25,0.19632922112941742,0.07285219430923462,0.8866800665855408,0.8516819477081299,0.01953125,0.0027901786379516125,242.0,9425.0,9425.0,2408.0
21750.0,178176000.0,6050819.673610312,69549.65142080818,29.44658899307251,0.699999988079071,1.0,0.30000001192092896,1.0,1.0,1.0,1.0,1.0,0.875,0.5005599856376648,0.44847995042800903,0.12756000459194183,0.5427999496459961,0.49095994234085083,0.32895997166633606,0.4859199523925781,0.6904000043869019,0.4519549608230591,167.625,0.007257168181240559,0.01538714300841093,-0.0004032957658637315,0.03310736268758774,41.305877685546875,0.09262800961732864,0.7819387912750244,4000.0,386160.0,0.24496129155158997,0.19360120594501495,0.07385250180959702,0.8819548487663269,0.8509123921394348,0.013671875,0.001953125,242.0,9536.0,9536.0,2436.0
22000.0,180224000.0,6298780.88760741,71577.0555409933,28.612520933151245,0.4000000059604645,0.9000000357627869,0.20000000298023224,1.0,1.0,1.0,1.0,1.0,0.8125,0.1494399905204773,0.49031996726989746,0.03799998760223389,0.5427999496459961,0.3930399417877197,0.2871999740600586,0.5291199684143066,0.7192000150680542,0.3936399817466736,167.125,0.006925438996404409,0.014662859961390495,-0.00037869668449275196,0.027293844148516655,40.836753845214844,0.09113959968090057,0.795683741569519,4000.0,390632.0,0.25,0.1969033181667328,0.07426862418651581,0.8810697197914124,0.8508193492889404,0.033203125,0.0047433036379516125,242.0,9647.0,9647.0,2464.0
22250.0,182272000.0,7134076.40566199,80158.16186137068,25.549488067626953,1.0,0.9000000357627869,0.0,1.0,0.699999988079071,1.0,1.0,1.0,0.8250000476837158,0.8387200236320496,0.44279995560646057,0.0,0.5427999496459961,0.36483997106552124,0.2727999687194824,0.5456799864768982,0.6889600157737732,0.46207499504089355,149.25,0.006948481779545546,0.014673231169581413,-0.0003614496672526002,0.02668399177491665,39.45450210571289,0.09016428142786026,0.7909992933273315,4000.0,395104.0,0.24949000775814056,0.19647085666656494,0.07487816363573074,0.8800414800643921,0.848931074142456,0.033203125,0.0047433036379516125,242.0,9758.0,9758.0,2492.0
22500.0,184320000.0,7393191.885478347,82146.57650531497,24.931045055389404,1.0,1.0,0.800000011920929,1.0,0.9000000357627869,1.0,1.0,1.0,0.9624999761581421,0.6759999990463257,0.6205599904060364,0.3161599934101105,0.5427999496459961,0.45611998438835144,0.28143998980522156,0.5593599677085876,0.7192000150680542,0.5214549899101257,120.5,0.007145749405026436,0.015041559003293514,-0.0003510823880787939,0.023947911337018013,39.77425003051758,0.09168646484613419,0.7804394960403442,4000.0,399576.0,0.2473330795764923,0.19497008621692657,0.07568150758743286,0.8768070340156555,0.8475165367126465,0.064453125,0.00920758955180645,242.0,9869.0,9869.0,2520.0
22750.0,186368000.0,6759865.303514936,74284.23410455974,27.569780111312866,1.0,0.6000000238418579,0.0,0.800000011920929,0.10000000149011612,1.0,0.800000011920929,1.0,0.6625000238418579,0.8250400424003601,0.20471997559070587,0.0,0.40255996584892273,0.05211999639868736,0.31383997201919556,0.4500799775123596,0.7112799882888794,0.36995500326156616,164.0,0.0066182538866996765,0.014082729816436768,-0.0003960891626775265,0.02702212519943714,39.51700210571289,0.08901719748973846,0.8004150390625,4000.0,404048.0,0.24679359793663025,0.1951136589050293,0.07542482763528824,0.8783694505691528,0.8492355346679688,0.013671875,0.001953125,242.0,9980.0,9980.0,2548.0
23000.0,188416000.0,6391178.702794834,69469.3337260308,29.480633974075317,1.0,1.0,0.0,0.4000000059604645,0.10000000149011612,1.0,0.10000000149011612,1.0,0.5750000476837158,0.7962400317192078,0.5824000239372253,0.0,0.05583999305963516,0.022599995136260986,0.295119971036911,0.05499999597668648,0.3743199408054352,0.2726899981498718,197.25,0.006426272913813591,0.013574284501373768,-0.0003343992866575718,0.026469964534044266,40.87462615966797,0.08935434371232986,0.792820155620575,4000.0,408520.0,0.2499498724937439,0.1968928873538971,0.07510924339294434,0.8799994587898254,0.8486847281455994,0.02734375,0.00390625,242.0,10091.0,10091.0,2576.0
23250.0,190464000.0,6619245.876791652,71174.68684722207,28.774274826049805,1.0,1.0,0.699999988079071,1.0,0.5,1.0,1.0,1.0,0.8999999761581421,0.47943997383117676,0.7566400170326233,0.18195998668670654,0.4873599708080292,0.18571999669075012,0.2871999740600586,0.557919979095459,0.4535199701786041,0.42371997237205505,156.25,0.006948503665626049,0.014611756429076195,-0.0003319211245980114,0.02545306459069252,41.99325180053711,0.09181859344244003,0.7749172449111938,4000.0,412992.0,0.2498607337474823,0.19691036641597748,0.07570407539606094,0.8782126903533936,0.8479837775230408,0.025390625,0.003627232275903225,242.0,10202.0,10202.0,2604.0
23500.0,192512000.0,7481604.454995535,79591.53675527165,25.73137903213501,0.9000000357627869,0.800000011920929,0.9000000357627869,0.5,1.0,1.0,1.0,1.0,0.8875000476837158,0.6098400354385376,0.5055199861526489,0.19547997415065765,0.20371997356414795,0.24327996373176575,0.28575998544692993,0.5643999576568604,0.6659199595451355,0.4092400074005127,174.25,0.0066550783812999725,0.01403194759041071,-0.0003350334882270545,0.025862088426947594,41.676002502441406,0.09002538025379181,0.7791844606399536,4000.0,417464.0,0.24847412109375,0.19488529860973358,0.07567434757947922,0.8773027658462524,0.8471819162368774,0.041015625,0.005859375465661287,242.0,10313.0,10313.0,2632.0
23750.0,194560000.0,7717404.804772429,81235.84005023609,25.21054744720459,0.4000000059604645,0.9000000357627869,0.9000000357627869,1.0,1.0,1.0,1.0,0.6000000238418579,0.8500000238418579,0.29632002115249634,0.525600016117096,0.21275997161865234,0.5427999496459961,0.49383994936943054,0.4265199601650238,0.6025599837303162,0.3991200029850006,0.4374399781227112,134.0,0.00649845227599144,0.01372272428125143,-0.00033898165565915406,0.023928401991724968,40.29600143432617,0.08745229989290237,0.8017577528953552,4000.0,421936.0,0.234375,0.1865876317024231,0.0745260939002037,0.8787716627120972,0.8473790287971497,0.04296875,0.006138393189758062,242.0,10424.0,10424.0,2660.0
24000.0,196608000.0,7388537.333462091,76963.93055689678,26.609867572784424,1.0,1.0,0.699999988079071,1.0,1.0,0.699999988079071,0.9000000357627869,1.0,0.9125000238418579,0.7227999567985535,0.6839200258255005,0.27987998723983765,0.49167996644973755,0.43407994508743286,0.21399998664855957,0.43091994524002075,0.5233599543571472,0.4725799560546875,136.75,0.006894094403833151,0.014614677987992764,-0.00038649176713079214,0.02675321325659752,41.41862869262695,0.09063462913036346,0.7903726696968079,4000.0,426408.0,0.234375,0.185518279671669,0.07594440132379532,0.875744640827179,0.8477039337158203,0.037109375,0.00530133955180645,242.0,10535.0,10535.0,2688.0
24250.0,198656000.0,6721099.916816247,69289.68986408503,29.557066917419434,1.0,1.0,0.0,0.0,0.9000000357627869,0.10000000149011612,0.800000011920929,1.0,0.6000000238418579,0.7933599948883057,0.6342399716377258,0.0,0.0,0.32148000597953796,0.025839997455477715,0.28303998708724976,0.40095993876457214,0.30736497044563293,179.5,0.007171536795794964,0.015036259777843952,-0.00032236642437055707,0.024226587265729904,40.62287521362305,0.08988291025161743,0.8026811480522156,4000.0,430880.0,0.2481536865234375,0.19456124305725098,0.07562025636434555,0.8757112622261047,0.8465962409973145,0.01953125,0.0027901786379516125,242.0,10646.0,10646.0,2716.0
24500.0,200704000.0,6849040.902547451,69888.17247497398,29.303956985473633,0.800000011920929,1.0,1.0,1.0,1.0,1.0,0.9000000357627869,0.699999988079071,0.9249999523162842,0.656000018119812,0.5867199897766113,0.2965599596500397,0.5276799201965332,0.498879998922348,0.5165199637413025,0.5338799357414246,0.31119999289512634,0.4909299612045288,172.5,0.006955843418836594,0.014652562327682972,-0.0003461826709099114,0.024255113676190376,40.064876556396484,0.0906004086136818,0.7849933505058289,4000.0,435352.0,0.24526703357696533,0.19374653697013855,0.07631783932447433,0.8739359974861145,0.8463849425315857,0.029296875,0.004185268189758062,242.0,10757.0,10757.0,2744.0
24750.0,202752000.0,7855650.295389333,79350.00298373064,25.80970287322998,1.0,1.0,0.20000000298023224,0.0,0.10000000149011612,0.0,0.10000000149011612,0.5,0.36250001192092896,0.8091999888420105,0.29367995262145996,0.04663999751210213,0.0,0.013239997439086437,0.0,0.03843999654054642,0.11767997592687607,0.16485999524593353,218.75,0.006678347941488028,0.014032221399247646,-0.00031465559732168913,0.023107130080461502,42.42637634277344,0.09012309461832047,0.8005865812301636,4000.0,439824.0,0.25,0.19711293280124664,0.07589131593704224,0.8763228058815002,0.845655083656311,0.0,0.0,242.0,10868.0,10868.0,2772.0
25000.0,204800000.0,8093185.393677111,80931.8539367711,25.305240154266357,1.0,1.0,0.800000011920929,1.0,0.9000000357627869,0.5,0.9000000357627869,0.30000001192092896,0.800000011920929,0.6155200004577637,0.26055997610092163,0.3060799539089203,0.32103997468948364,0.3877199590206146,0.13207998871803284,0.47051993012428284,0.15455999970436096,0.33100995421409607,192.625,0.006897765677422285,0.014519846998155117,-0.0003358839894644916,0.02627299539744854,39.80687713623047,0.09091246128082275,0.7986379861831665,4000.0,444296.0,0.24996240437030792,0.19493727385997772,0.07549960911273956,0.8768599033355713,0.8447208404541016,0.015625,0.0022321429569274187,242.0,10979.0,10979.0,2800.0
25250.0,206848000.0,7594039.606353024,75188.51095399034,27.23820400238037,1.0,1.0,1.0,0.9000000357627869,0.9000000357627869,0.9000000357627869,1.0,0.9000000357627869,0.9500000476837158,0.8070400357246399,0.4002399444580078,0.5067999362945557,0.4352400004863739,0.4676399827003479,0.22247996926307678,0.5636799931526184,0.6861600279808044,0.5111600160598755,127.25,0.0066110510379076,0.01386428251862526,-0.0002971491194330156,0.023941025137901306,42.32862854003906,0.0878758430480957,0.8006500601768494,4000.0,448768.0,0.238045796751976,0.18817996978759766,0.07432133704423904,0.8807385563850403,0.8465797901153564,0.01953125,0.0027901786379516125,242.0,11090.0,11090.0,2828.0
25500.0,208896000.0,7083739.311654475,69448.42462406348,29.48950982093811,1.0,0.30000001192092896,0.9000000357627869,0.9000000357627869,1.0,0.9000000357627869,0.9000000357627869,1.0,0.862500011920929,0.5118399858474731,0.11927999556064606,0.3495599925518036,0.4093199670314789,0.4175199568271637,0.26711997389793396,0.450359970331192,0.3951999545097351,0.36502498388290405,171.25,0.007022957317531109,0.014794194139540195,-0.00034910888643935323,0.025030892342329025,41.89600372314453,0.08763482421636581,0.8030127286911011,4000.0,453240.0,0.24747617542743683,0.19495241343975067,0.07435722649097443,0.882385790348053,0.84623783826828,0.04296875,0.006138393189758062,242.0,11201.0,11201.0,2856.0
25750.0,210944000.0,7325014.043996053,71116.64120384518,28.797760486602783,1.0,1.0,0.6000000238418579,1.0,0.800000011920929,1.0,0.10000000149011612,1.0,0.8125,0.5096799731254578,0.3383199870586395,0.26663997769355774,0.4549599587917328,0.37087997794151306,0.4618000090122223,0.056439995765686035,0.3951999545097351,0.35673996806144714,172.625,0.007194015197455883,0.01512729562819004,-0.0003433749661780894,0.02625725232064724,41.1202507019043,0.08796858787536621,0.7946869134902954,4000.0,457712.0,0.24987711012363434,0.19474872946739197,0.07402405887842178,0.881815493106842,0.8445773124694824,0.01171875,0.001674107275903225,242.0,11312.0,11312.0,2884.0
26000.0,212992000.0,8370080.347405577,80481.54180197671,25.446828603744507,1.0,1.0,0.4000000059604645,0.5,0.5,0.30000001192092896,0.800000011920929,1.0,0.6875,0.7696000337600708,0.40815994143486023,0.09615997970104218,0.12523998320102692,0.10075998306274414,0.07607998698949814,0.2585599720478058,0.3131199777126312,0.2684599757194519,194.125,0.006711171008646488,0.014115181751549244,-0.0003219305071979761,0.024489058181643486,41.13750076293945,0.09013321250677109,0.8012757301330566,4000.0,462184.0,0.24981307983398438,0.19564402103424072,0.07399241626262665,0.8819646835327148,0.8425874710083008,0.0078125,0.0011160714784637094,242.0,11423.0,11423.0,2912.0
26250.0,215040000.0,8612490.129483107,82023.71551888673,24.968388557434082,1.0,1.0,0.800000011920929,0.30000001192092896,0.5,0.5,0.20000000298023224,1.0,0.6625000238418579,0.8128000497817993,0.4103200137615204,0.26576000452041626,0.11027999222278595,0.09643997997045517,0.17959998548030853,0.053839992731809616,0.4657599925994873,0.29934999346733093,191.875,0.006975952535867691,0.014689484611153603,-0.00034506741212680936,0.023722408339381218,42.49350357055664,0.08811043202877045,0.8041931390762329,4000.0,466656.0,0.23496443033218384,0.18495666980743408,0.07355624437332153,0.8846846222877502,0.8418521285057068,0.01953125,0.0027901786379516125,242.0,11534.0,11534.0,2940.0
26500.0,217088000.0,7974914.73502795,75235.044670075,27.221356868743896,0.699999988079071,0.30000001192092896,0.699999988079071,1.0,1.0,1.0,0.9000000357627869,1.0,0.8250000476837158,0.36375999450683594,0.0926399901509285,0.22443997859954834,0.5190399289131165,0.48159995675086975,0.26343998312950134,0.46907997131347656,0.6536800265312195,0.38345998525619507,194.5,0.0067801522091031075,0.014339810237288475,-0.0003640748909674585,0.025677941739559174,42.6410026550293,0.09345213323831558,0.7804096937179565,4000.0,471128.0,0.24763904511928558,0.19441473484039307,0.07457976043224335,0.8815418481826782,0.840681254863739,0.013671875,0.001953125,242.0,11645.0,11645.0,2968.0
26750.0,219136000.0,7374760.084332856,68922.99144236314,29.714322566986084,1.0,0.9000000357627869,0.9000000357627869,0.20000000298023224,0.4000000059604645,0.9000000357627869,0.0,1.0,0.6625000238418579,0.8055999875068665,0.6148800253868103,0.417959988117218,0.1085599884390831,0.2171199768781662,0.23399996757507324,0.0,0.6904000043869019,0.3860650062561035,170.625,0.0072274720296263695,0.015136761590838432,-0.0003174937446601689,0.023414872586727142,43.35062789916992,0.08953401446342468,0.7841600775718689,4000.0,475600.0,0.24983882904052734,0.19558188319206238,0.07390967011451721,0.8822023272514343,0.8407658338546753,0.0390625,0.005580357275903225,242.0,11756.0,11756.0,2996.0
27000.0,221184000.0,7594526.97354666,70319.6941995061,29.124131202697754,0.9000000357627869,0.5,0.9000000357627869,0.800000011920929,1.0,1.0,0.9000000357627869,1.0,0.875,0.5695199966430664,0.25807997584342957,0.4165199398994446,0.4191199243068695,0.5427999496459961,0.2727999687194824,0.5065199732780457,0.6882400512695312,0.4591999650001526,133.5,0.0068132830783724785,0.014326187781989574,-0.000329746981151402,0.02006339654326439,43.092376708984375,0.0882699266076088,0.7868145108222961,4000.0,480072.0,0.24883033335208893,0.19439029693603516,0.07329722493886948,0.8821592330932617,0.8405696153640747,0.005859375,0.0008370536379516125,242.0,11867.0,11867.0,3024.0
27250.0,223232000.0,8514909.41269104,78118.43497881688,26.21660304069519,0.800000011920929,0.800000011920929,1.0,0.9000000357627869,0.9000000357627869,1.0,0.4000000059604645,1.0,0.8500000238418579,0.6617600321769714,0.39823997020721436,0.48447996377944946,0.48131996393203735,0.43307995796203613,0.4023999869823456,0.14511999487876892,0.678879976272583,0.4606599807739258,139.125,0.0064842659048736095,0.013638516888022423,-0.00031307493918575346,0.021917428821325302,43.480628967285156,0.08721192181110382,0.7951688170433044,4000.0,484544.0,0.25,0.19580934941768646,0.07306741178035736,0.8838591575622559,0.8401257395744324,0.0,0.0,242.0,11978.0,11978.0,3052.0
27500.0,225280000.0,8684299.772289291,78948.17974808445,25.94106674194336,0.9000000357627869,1.0,1.0,1.0,1.0,0.9000000357627869,0.30000001192092896,1.0,0.8875000476837158,0.6141600012779236,0.5183200240135193,0.505359947681427,0.5427999496459961,0.4556799530982971,0.3607199788093567,0.16067998111248016,0.645039975643158,0.4753449559211731,124.75,0.00680554797872901,0.014187624678015709,-0.0002669054956641048,0.021358896046876907,43.46412658691406,0.08582545816898346,0.7947673797607422,4000.0,489016.0,0.2498416304588318,0.19563288986682892,0.07225596904754639,0.8873382806777954,0.8404416441917419,0.017578125,0.0025111609138548374,242.0,12089.0,12089.0,3080.0
27750.0,227328000.0,8146998.712776535,73396.3847997886,27.903281688690186,1.0,1.0,0.9000000357627869,1.0,1.0,1.0,1.0,1.0,0.987500011920929,0.7991200089454651,0.5723199844360352,0.3243599832057953,0.531279981136322,0.43335995078086853,0.34911999106407166,0.5730399489402771,0.6133599877357483,0.524495005607605,138.5,0.006739374250173569,0.014216494746506214,-0.00034539439366199076,0.023478761315345764,42.531002044677734,0.08879364281892776,0.7926684021949768,4000.0,493488.0,0.2479725033044815,0.1942131668329239,0.07183542102575302,0.888637125492096,0.8401761054992676,0.033203125,0.0047433036379516125,242.0,12200.0,12200.0,3108.0
28000.0,229376000.0,7963895.866599954,71106.21309464244,28.80198383331299,1.0,1.0,0.30000001192092896,0.9000000357627869,0.30000001192092896,0.800000011920929,0.5,1.0,0.7250000238418579,0.844480037689209,0.7336000204086304,0.0713999941945076,0.3826799988746643,0.05051998421549797,0.22975997626781464,0.10507998615503311,0.5643999576568604,0.3727400004863739,169.125,0.00609252555295825,0.012938059866428375,-0.0003525055362842977,0.02399858646094799,43.59700393676758,0.08328370749950409,0.8160198330879211,4000.0,497960.0,0.25,0.19550618529319763,0.0704035758972168,0.892632782459259,0.8401687145233154,0.01171875,0.001674107275903225,242.0,12311.0,12311.0,3136.0
28250.0,231424000.0,8319687.43663033,73625.5525365516,27.816429615020752,1.0,0.6000000238418579,0.800000011920929,1.0,0.800000011920929,0.9000000357627869,1.0,1.0,0.8875000476837158,0.792639970779419,0.23279999196529388,0.19231998920440674,0.4232799708843231,0.21319995820522308,0.3139199912548065,0.531279981136322,0.20151996612548828,0.3626199960708618,182.5,0.006681053899228573,0.01411491446197033,-0.00035347582888789475,0.02292739413678646,43.69987869262695,0.08697713911533356,0.7928643226623535,4000.0,502432.0,0.24795135855674744,0.1930600106716156,0.07016941905021667,0.8932865262031555,0.8396998643875122,0.0,0.0,242.0,12422.0,12422.0,3164.0
28500.0,233472000.0,9087238.41743878,79712.61769683141,25.692293882369995,1.0,0.10000000149011612,0.9000000357627869,1.0,0.4000000059604645,0.9000000357627869,0.9000000357627869,0.9000000357627869,0.7625000476837158,0.6781600117683411,0.021519994363188744,0.3445199429988861,0.5427999496459961,0.11631997674703598,0.2678399682044983,0.5029199719429016,0.4939199388027191,0.3709999620914459,166.375,0.007004050072282553,0.014728144742548466,-0.00033688481198623776,0.023136943578720093,44.50450134277344,0.08614804595708847,0.7889032363891602,4000.0,506904.0,0.2378050535917282,0.18569597601890564,0.06969235092401505,0.893770158290863,0.8371654152870178,0.005859375,0.0008370536379516125,242.0,12533.0,12533.0,3192.0
28750.0,235520000.0,9221748.841132361,80189.12035767271,25.539624214172363,0.9000000357627869,0.6000000238418579,0.9000000357627869,1.0,1.0,1.0,1.0,1.0,0.925000011920929,0.3405599594116211,0.4063200056552887,0.4431600272655487,0.5406399965286255,0.5111199617385864,0.30807995796203613,0.5687199831008911,0.5222799181938171,0.45510995388031006,127.625,0.006950286217033863,0.01456547062844038,-0.00031168627901934087,0.02076270431280136,42.96500015258789,0.08669475466012955,0.789204478263855,4000.0,511376.0,0.24850590527057648,0.19390609860420227,0.06930609047412872,0.8923628330230713,0.8361925482749939,0.005859375,0.0008370536379516125,242.0,12644.0,12644.0,3220.0
29000.0,237568000.0,8705324.79788451,75045.90343003889,27.289963960647583,0.6000000238418579,0.9000000357627869,0.699999988079071,1.0,0.800000011920929,1.0,1.0,1.0,0.875,0.23315997421741486,0.6638399958610535,0.30291998386383057,0.5075199007987976,0.26719996333122253,0.351999968290329,0.5975199937820435,0.6738399863243103,0.44974997639656067,153.875,0.006711236666887999,0.014158480800688267,-0.0003453824028838426,0.022620903328061104,42.139625549316406,0.0885930061340332,0.8039570450782776,4000.0,515848.0,0.25,0.19419051706790924,0.0695139691233635,0.8914286494255066,0.8356209993362427,0.017578125,0.0025111609138548374,242.0,12755.0,12755.0,3248.0
29250.0,239616000.0,8165709.180127323,69792.38615493439,29.344175100326538,1.0,0.20000000298023224,0.20000000298023224,1.0,0.6000000238418579,0.9000000357627869,1.0,1.0,0.737500011920929,0.6680800318717957,0.13663999736309052,0.0984799936413765,0.4628799557685852,0.3256799876689911,0.2750399708747864,0.5831199884414673,0.7515999674797058,0.4126899838447571,154.625,0.007070602383464575,0.01481723878532648,-0.00031686274451203644,0.021153973415493965,43.61187744140625,0.0882626548409462,0.7804085612297058,4000.0,520320.0,0.2498416304588318,0.1919771432876587,0.069216288626194,0.8921493887901306,0.8357452154159546,0.02734375,0.00390625,242.0,12866.0,12866.0,3276.0
29500.0,241664000.0,8259355.094259359,69994.53469711321,29.259427309036255,0.10000000149011612,0.5,0.9000000357627869,1.0,0.5,1.0,1.0,1.0,0.75,0.042399998754262924,0.2515999972820282,0.44460001587867737,0.535599946975708,0.27139997482299805,0.25443997979164124,0.5600799918174744,0.6925600171089172,0.3815850019454956,179.375,0.007053566165268421,0.014788422733545303,-0.0003202378866262734,0.020407360047101974,43.714752197265625,0.08617891371250153,0.7962802648544312,4000.0,524792.0,0.25,0.1944407969713211,0.06946253031492233,0.8919233083724976,0.8348991870880127,0.01171875,0.001674107275903225,242.0,12977.0,12977.0,3304.0
29750.0,243712000.0,9469878.135272572,79578.80785943336,25.73549485206604,1.0,0.699999988079071,0.800000011920929,1.0,1.0,0.9000000357627869,1.0,1.0,0.925000011920929,0.6565600037574768,0.4832800030708313,0.40255996584892273,0.5413599610328674,0.5111199617385864,0.2455199807882309,0.5471199750900269,0.40455999970436096,0.4740099608898163,139.5,0.006655012257397175,0.01394615974277258,-0.00029688634094782174,0.021181317046284676,44.31562805175781,0.08520989120006561,0.7982621192932129,4000.0,529264.0,0.24609375,0.19198215007781982,0.06870318949222565,0.8921869397163391,0.8325403332710266,0.025390625,0.003627232275903225,242.0,13088.0,13088.0,3332.0
30000.0,245760000.0,9731878.94424737,81098.99120206143,25.25308847427368,1.0,0.699999988079071,0.9000000357627869,1.0,0.9000000357627869,1.0,1.0,1.0,0.9375,0.8113600015640259,0.24424000084400177,0.45611992478370667,0.5283999443054199,0.4568399488925934,0.292959988117218,0.5773599743843079,0.6500800251960754,0.5021699666976929,137.25,0.006813298910856247,0.01422814279794693,-0.00028168701101094484,0.01908539980649948,43.99412536621094,0.08776150643825531,0.7749634981155396,4000.0,533736.0,0.24996447563171387,0.1948786824941635,0.06929364055395126,0.8898319602012634,0.8294587731361389,0.01171875,0.001674107275903225,242.0,13199.0,13199.0,3360.0
