num_updates,num_env_steps,sps,steps_per_second,time_delta,solve_rate/SixteenRooms,solve_rate/SixteenRooms2,solve_rate/Labyrinth,solve_rate/LabyrinthFlipped,solve_rate/Labyrinth2,solve_rate/StandardMaze,solve_rate/StandardMaze2,solve_rate/StandardMaze3,solve_rate/mean,return/SixteenRooms,return/SixteenRooms2,return/Labyrinth,return/LabyrinthFlipped,return/Labyrinth2,return/StandardMaze,return/StandardMaze2,return/StandardMaze3,return/mean,eval_ep_lengths/mean,agent/loss,agent/critic_loss,agent/actor_loss,agent/entropy,level/mean_num_blocks,level_sampler/size,level_sampler/episode_count,level_sampler/max_score,level_sampler/weighted_score,level_sampler/mean_score
250.0,2048000.0,43764.528880863036,43764.528880863036,46.7958881855011,0.0,0.0,0.0,0.0,0.0,0.0,0.0,0.0,0.0,0.0,0.0,0.0,0.0,0.0,0.0,0.0,0.0,0.0,250.0,0.0007303657475858927,0.005296137649565935,-3.9018017560010776e-05,1.8786848783493042,24.131250381469727,4000.0,8000.0,0.8635233044624329,0.6041576862335205,0.015078498050570488
500.0,4096000.0,91717.3003352688,45858.6501676344,44.65896821022034,0.0,0.0,0.0,0.0,0.0,0.0,0.0,0.0,0.0,0.0,0.0,0.0,0.0,0.0,0.0,0.0,0.0,0.0,250.0,0.002668056171387434,0.007724200841039419,-0.00010820224997587502,1.0858420133590698,24.748126983642578,4000.0,16000.0,0.7533145546913147,0.5307773351669312,0.050975214689970016
750.0,6144000.0,177639.50481201304,59213.16827067101,34.58690118789673,0.0,0.0,0.0,0.0,0.0,0.0,0.0,0.0,0.0,0.0,0.0,0.0,0.0,0.0,0.0,0.0,0.0,0.0,250.0,0.004451023880392313,0.011097286827862263,-0.0002845526614692062,0.8130671977996826,24.828876495361328,4000.0,24000.0,0.6962276697158813,0.4932537078857422,0.08066555857658386
1000.0,8192000.0,227072.27093317124,56768.06773329281,36.07661986351013,0.30000001192092896,0.0,0.0,0.0,0.0,0.0,0.0,0.0,0.03750000149011612,0.04763999208807945,0.0,0.0,0.0,0.0,0.0,0.0,0.0,0.0059549990110099316,250.0,0.005624545272439718,0.012724434956908226,-0.00019508303375914693,0.5425885319709778,24.71700096130371,4000.0,32000.0,0.6097496151924133,0.4320044219493866,0.07337649911642075
1250.0,10240000.0,273606.4416123262,54721.28832246523,37.42601943016052,0.5,0.0,0.0,0.0,0.0,0.0,0.0,0.0,0.0625,0.24727998673915863,0.0,0.0,0.0,0.0,0.0,0.0,0.0,0.03090999834239483,250.0,0.0054236422292888165,0.012386352755129337,-0.00035494240000844,0.41459134221076965,24.68862533569336,4000.0,40000.0,0.5395547151565552,0.38578373193740845,0.09470327943563461
1500.0,12288000.0,331959.5138475801,55326.58564126336,37.01656222343445,0.30000001192092896,0.0,0.0,0.0,0.0,0.0,0.0,0.0,0.03750000149011612,0.15240000188350677,0.0,0.0,0.0,0.0,0.0,0.0,0.0,0.019050000235438347,250.0,0.006206313613802195,0.013528205454349518,-0.00020051027240697294,0.3572791516780853,25.106626510620117,4000.0,48000.0,0.6136332154273987,0.45032382011413574,0.14874018728733063
1750.0,14336000.0,402190.48359904485,57455.78337129212,35.6448016166687,0.30000001192092896,0.0,0.0,0.0,0.0,0.0,0.0,0.0,0.03750000149011612,0.10127999633550644,0.0,0.0,0.0,0.0,0.0,0.0,0.0,0.012659999541938305,250.0,0.0058581470511853695,0.012832514010369778,-0.00025772672961466014,0.30038344860076904,25.41025161743164,4000.0,56000.0,0.6239821314811707,0.4668062925338745,0.18719801306724548
2000.0,16384000.0,462710.59029318846,57838.82378664856,35.40874218940735,0.6000000238418579,0.0,0.0,0.0,0.0,0.0,0.0,0.0,0.07500000298023224,0.3012000024318695,0.0,0.0,0.0,0.0,0.0,0.0,0.0,0.03765000030398369,246.375,0.006061600986868143,0.013132096268236637,-0.00022045835794415325,0.2839885950088501,25.17125129699707,4000.0,64000.0,0.7473970055580139,0.5685337781906128,0.2206416130065918
2250.0,18432000.0,512498.637141659,56944.29301573989,35.96497368812561,0.6000000238418579,0.30000001192092896,0.0,0.0,0.0,0.0,0.0,0.0,0.11250000447034836,0.19967997074127197,0.10091998428106308,0.0,0.0,0.0,0.0,0.0,0.0,0.037574995309114456,236.625,0.005476679187268019,0.012092105112969875,-0.0003006445767823607,0.26872918009757996,25.09775161743164,4000.0,72000.0,0.47375166416168213,0.39055827260017395,0.23530952632427216
2500.0,20480000.0,548002.4655322644,54800.24655322644,37.37209463119507,0.20000000298023224,0.0,0.0,0.0,0.0,0.0,0.0,0.0,0.02500000037252903,0.12511999905109406,0.0,0.0,0.0,0.0,0.0,0.0,0.0,0.015639999881386757,250.0,0.00556934205815196,0.012154179625213146,-0.0002766692778095603,0.23107902705669403,25.36225128173828,4000.0,80000.0,0.5119250416755676,0.42176902294158936,0.24915525317192078
2750.0,22528000.0,599248.9519484742,54477.17744986129,37.593724489212036,1.0,0.0,0.0,0.0,0.0,0.0,0.0,0.0,0.125,0.6821199655532837,0.0,0.0,0.0,0.0,0.0,0.0,0.0,0.08526499569416046,225.5,0.005716269835829735,0.012736912816762924,-0.0004333873512223363,0.21879935264587402,25.479001998901367,4000.0,88000.0,0.5879205465316772,0.48352426290512085,0.2681618630886078
3000.0,24576000.0,697516.9722741997,58126.41435618331,35.233551263809204,0.9000000357627869,0.0,0.0,0.0,0.0,0.0,0.0,0.0,0.11250000447034836,0.561959981918335,0.0,0.0,0.0,0.0,0.0,0.0,0.0,0.07024499773979187,232.5,0.005776277743279934,0.012455596588551998,-0.0002550898352637887,0.19643047451972961,25.39987564086914,4000.0,96000.0,0.6257721781730652,0.5026434063911438,0.2754824161529541
3250.0,26624000.0,730164.016578949,56166.46281376531,36.463040351867676,0.9000000357627869,0.30000001192092896,0.0,0.0,0.0,0.10000000149011612,0.0,0.0,0.16250000894069672,0.5601599812507629,0.09083998948335648,0.0,0.0,0.0,0.03519999980926514,0.0,0.0,0.0857749953866005,217.125,0.005978570785373449,0.01303362101316452,-0.00033086928306147456,0.2073708325624466,25.227251052856445,4000.0,104000.0,0.6434406638145447,0.5239244699478149,0.2866913080215454
3500.0,28672000.0,814464.1226025309,58176.00875732363,35.20351505279541,0.10000000149011612,0.0,0.0,0.0,0.0,0.0,0.0,0.0,0.012500000186264515,0.06400000303983688,0.0,0.0,0.0,0.0,0.0,0.0,0.0,0.00800000037997961,250.0,0.005589176435023546,0.012359031476080418,-0.00041174233774654567,0.17859680950641632,26.180376052856445,4000.0,112000.0,0.516813337802887,0.44457370042800903,0.2885870635509491
3750.0,30720000.0,829592.4591022934,55306.163940152896,37.03023052215576,0.800000011920929,0.10000000149011612,0.0,0.0,0.0,0.0,0.0,0.0,0.11250000447034836,0.535040020942688,0.013239997439086437,0.0,0.0,0.0,0.0,0.0,0.0,0.06853500008583069,226.625,0.005484275985509157,0.012102074921131134,-0.000401557597797364,0.16520404815673828,25.650251388549805,4000.0,120000.0,0.67623370885849,0.5547252297401428,0.29007312655448914
4000.0,32768000.0,903554.1582120258,56472.13488825161,36.26567339897156,0.800000011920929,0.20000000298023224,0.0,0.0,0.0,0.0,0.0,0.0,0.125,0.4975999891757965,0.07975999265909195,0.0,0.0,0.0,0.0,0.0,0.0,0.07216999679803848,247.625,0.005485271569341421,0.012242942117154598,-0.0004718164855148643,0.16438308358192444,25.640377044677734,4000.0,128000.0,0.5446597933769226,0.4607338309288025,0.2897801101207733
4250.0,34816000.0,958778.1924183803,56398.71720108119,36.31288266181946,0.800000011920929,0.10000000149011612,0.0,0.0,0.0,0.0,0.0,0.0,0.11250000447034836,0.5548400282859802,0.029439998790621758,0.0,0.0,0.0,0.0,0.0,0.0,0.07303500175476074,226.75,0.004756129812449217,0.010748148895800114,-0.0004616837250068784,0.1562608778476715,25.628625869750977,4000.0,136000.0,0.5155762434005737,0.44094252586364746,0.28127321600914
4500.0,36864000.0,1082828.6892512424,60157.14940284681,34.04416632652283,0.699999988079071,0.0,0.0,0.0,0.0,0.0,0.0,0.0,0.08749999850988388,0.3205599784851074,0.0,0.0,0.0,0.0,0.0,0.0,0.0,0.04006999731063843,226.625,0.004700839519500732,0.010532615706324577,-0.0004124471452087164,0.1530216485261917,25.37175178527832,4000.0,144000.0,0.4568445384502411,0.40088891983032227,0.27349981665611267
4750.0,38912000.0,1110821.687735879,58464.29935451996,35.029924631118774,0.9000000357627869,0.20000000298023224,0.0,0.0,0.0,0.10000000149011612,0.0,0.0,0.15000000596046448,0.6897600293159485,0.09055999666452408,0.0,0.0,0.0,0.048159997910261154,0.0,0.0,0.10356000810861588,229.0,0.0051268055103719234,0.011441770941019058,-0.00045080299605615437,0.14327757060527802,26.01525115966797,4000.0,152000.0,0.5417450666427612,0.45554858446121216,0.27450984716415405
5000.0,40960000.0,1107207.2674596491,55360.36337298246,36.99397683143616,1.0,0.30000001192092896,0.0,0.0,0.0,0.0,0.0,0.0,0.16249999403953552,0.7548400163650513,0.12035999447107315,0.0,0.0,0.0,0.0,0.0,0.0,0.10940000414848328,225.125,0.005108745768666267,0.011434280313551426,-0.00047302813618443906,0.1353655904531479,25.750625610351562,4000.0,160000.0,0.479124516248703,0.4154495596885681,0.27547886967658997
5250.0,43008000.0,1157330.1155987768,55110.95788565604,37.16139364242554,1.0,0.0,0.0,0.0,0.0,0.20000000298023224,0.0,0.0,0.15000000596046448,0.6328000426292419,0.0,0.0,0.0,0.0,0.11215998977422714,0.0,0.0,0.09312000125646591,228.0,0.0045385477133095264,0.010352504439651966,-0.0005029874155297875,0.13471619784832,25.830875396728516,4000.0,168000.0,0.4269394874572754,0.3793310225009918,0.2692957818508148
5500.0,45056000.0,1241744.2631806133,56442.921053664235,36.284443855285645,1.0,0.10000000149011612,0.0,0.0,0.10000000149011612,0.0,0.0,0.0,0.15000000596046448,0.6785200238227844,0.04095999523997307,0.0,0.0,0.019719993695616722,0.0,0.0,0.0,0.09240000694990158,222.75,0.004375637508928776,0.010163412429392338,-0.0005791751900687814,0.12689366936683655,26.207626342773438,4000.0,176000.0,0.41573306918144226,0.37047386169433594,0.2661800980567932
5750.0,47104000.0,1282832.0405614101,55775.30611136566,36.71875858306885,0.9000000357627869,0.20000000298023224,0.0,0.10000000149011612,0.9000000357627869,0.20000000298023224,0.0,0.30000001192092896,0.32500001788139343,0.4406399726867676,0.0408799909055233,0.0,0.032680001109838486,0.3193199634552002,0.12331999838352203,0.0,0.10847999900579453,0.13316498696804047,212.5,0.004344461020082235,0.009982375428080559,-0.0005325734964571893,0.1141531765460968,26.01125144958496,4000.0,184000.0,0.4245874881744385,0.37477949261665344,0.2648947238922119
6000.0,49152000.0,1335087.5824900144,55628.64927041726,36.81556224822998,1.0,0.20000000298023224,0.0,0.0,0.0,0.0,0.0,0.10000000149011612,0.16250000894069672,0.754840075969696,0.04015999659895897,0.0,0.0,0.0,0.0,0.0,0.02871999703347683,0.10296501219272614,224.375,0.004748213104903698,0.010734627023339272,-0.0005171060329303145,0.10199425369501114,25.691251754760742,4000.0,192000.0,0.6869074106216431,0.546937108039856,0.27079877257347107
6250.0,51200000.0,1373528.4093249443,54941.13637299777,37.27625846862793,0.800000011920929,0.20000000298023224,0.0,0.0,0.0,0.4000000059604645,0.0,0.0,0.17499999701976776,0.5911999940872192,0.04015999659895897,0.0,0.0,0.0,0.15447998046875,0.0,0.0,0.09822999686002731,212.875,0.004232719074934721,0.009922239929437637,-0.0006250552251003683,0.10334553569555283,25.69212532043457,4000.0,200000.0,0.4964767098426819,0.42027488350868225,0.2687207758426666
6500.0,53248000.0,1506445.1466661044,57940.197948696325,35.346789836883545,0.9000000357627869,0.10000000149011612,0.0,0.20000000298023224,0.4000000059604645,0.4000000059604645,0.30000001192092896,0.0,0.2875000238418579,0.6552000045776367,0.05103999376296997,0.0,0.03871999308466911,0.15123999118804932,0.18435998260974884,0.07499998807907104,0.0,0.14444500207901,221.125,0.004735887981951237,0.010618351399898529,-0.00047238226397894323,0.10090575367212296,26.026500701904297,4000.0,208000.0,0.43083512783050537,0.3820164203643799,0.27061712741851807
6750.0,55296000.0,1580476.0862804635,58536.15134372087,34.98692607879639,0.5,0.0,0.0,0.10000000149011612,0.4000000059604645,0.6000000238418579,0.0,0.0,0.20000000298023224,0.36823999881744385,0.0,0.0,0.026919996365904808,0.08751998841762543,0.31379997730255127,0.0,0.0,0.09955999255180359,217.875,0.004140782169997692,0.009618092328310013,-0.0005632999236695468,0.10496415942907333,26.513376235961914,4000.0,216000.0,0.4273238778114319,0.3780480921268463,0.2657492160797119
7000.0,57344000.0,1618194.5699349432,57792.66321196225,35.43702411651611,1.0,0.0,0.0,0.0,0.800000011920929,0.30000001192092896,0.0,0.20000000298023224,0.2875000238418579,0.6497200131416321,0.0,0.0,0.0,0.29527997970581055,0.14087998867034912,0.0,0.07976000010967255,0.14570499956607819,229.375,0.0045978776179254055,0.010673225857317448,-0.0006315326318144798,0.10720232874155045,26.749502182006836,4000.0,224000.0,0.6063961386680603,0.4931132197380066,0.266867995262146
7250.0,59392000.0,1605710.9779449268,55369.344067066435,36.98797655105591,1.0,0.20000000298023224,0.0,0.10000000149011612,1.0,0.30000001192092896,0.0,0.699999988079071,0.4125000238418579,0.7588000297546387,0.09487999975681305,0.0,0.02547999657690525,0.3296799659729004,0.12215999513864517,0.0,0.37491998076438904,0.21323999762535095,191.375,0.004605560563504696,0.010522034019231796,-0.0005504387663677335,0.10501785576343536,27.227001190185547,4000.0,232000.0,0.4651980400085449,0.4003662168979645,0.2691633403301239
7500.0,61440000.0,1657088.3578393618,55236.278594645395,37.07708144187927,0.6000000238418579,0.0,0.0,0.4000000059604645,0.800000011920929,0.6000000238418579,0.10000000149011612,0.699999988079071,0.4000000059604645,0.4617600440979004,0.0,0.0,0.16923998296260834,0.3057200014591217,0.2558399736881256,0.016839999705553055,0.3630400002002716,0.1965550035238266,205.5,0.004405141808092594,0.0101687703281641,-0.0005751408752985299,0.10410228371620178,27.165250778198242,4000.0,240000.0,0.4829109311103821,0.4148945212364197,0.2700153589248657
7750.0,63488000.0,1733125.9750583773,55907.28951801217,36.63207459449768,1.0,0.10000000149011612,0.0,0.20000000298023224,0.5,0.800000011920929,0.0,0.5,0.38749998807907104,0.6868000030517578,0.01647999882698059,0.0,0.05023999139666557,0.1677199900150299,0.4187599718570709,0.0,0.31064000725746155,0.20633000135421753,215.75,0.0045387716963887215,0.010347242467105389,-0.0005339775234460831,0.1008717343211174,27.04712677001953,4000.0,248000.0,0.41170215606689453,0.3681984543800354,0.2685723900794983
8000.0,65536000.0,1766597.6233566806,55206.17572989627,37.09729886054993,0.9000000357627869,0.0,0.0,0.10000000149011612,0.0,0.20000000298023224,0.0,0.0,0.15000000596046448,0.6595200300216675,0.0,0.0,0.04707999899983406,0.0,0.08983999490737915,0.0,0.0,0.09955500066280365,215.875,0.004692590795457363,0.010627749375998974,-0.000520423986017704,0.10085975378751755,27.11137580871582,4000.0,256000.0,0.487790048122406,0.42179757356643677,0.2724062502384186
8250.0,67584000.0,1966932.2465402333,59604.00747091616,34.360105752944946,1.0,0.0,0.0,0.0,1.0,1.0,0.0,0.5,0.4375,0.6817599534988403,0.0,0.0,0.0,0.32823997735977173,0.49383997917175293,0.0,0.32072001695632935,0.2280699908733368,207.875,0.004945258144289255,0.011134378612041473,-0.0005221033352427185,0.09982796013355255,27.538875579833984,4000.0,264000.0,0.4586114287376404,0.4020657539367676,0.2767690122127533
8500.0,69632000.0,1925980.4336412982,56646.483342391126,36.154053688049316,1.0,0.0,0.0,0.30000001192092896,0.5,0.6000000238418579,0.0,0.10000000149011612,0.3125,0.6918399930000305,0.0,0.0,0.10595998913049698,0.09427998214960098,0.2590799927711487,0.0,0.015759998932480812,0.14586499333381653,225.125,0.004794682841747999,0.010949327610433102,-0.0005923652788624167,0.08761543780565262,28.504751205444336,4000.0,272000.0,0.5467749238014221,0.4593300223350525,0.2796816825866699
8750.0,71680000.0,1905843.1435346124,54452.661243846065,37.610650300979614,1.0,0.10000000149011612,0.0,0.0,0.4000000059604645,0.6000000238418579,0.0,0.10000000149011612,0.2750000059604645,0.7750000357627869,0.018279993906617165,0.0,0.0,0.11631999164819717,0.17483997344970703,0.0,0.027279997244477272,0.13896499574184418,227.125,0.004938608501106501,0.011069132015109062,-0.0005088025354780257,0.08715463429689407,28.99100112915039,4000.0,280000.0,0.840423583984375,0.663036584854126,0.28145429491996765
9000.0,73728000.0,1995991.020553836,55444.195015384335,36.9380419254303,1.0,0.0,0.0,0.0,0.0,0.4000000059604645,0.0,0.0,0.17499999701976776,0.7573599815368652,0.0,0.0,0.0,0.0,0.1411599963903427,0.0,0.0,0.11231499910354614,218.625,0.004638197366148233,0.010441454127430916,-0.0004959393409080803,0.08659064769744873,29.713001251220703,4000.0,288000.0,0.6727322936058044,0.5484243631362915,0.2769002318382263
9250.0,75776000.0,2091856.092078858,56536.65113726643,36.22428917884827,0.9000000357627869,0.0,0.0,0.20000000298023224,0.10000000149011612,0.9000000357627869,0.0,0.0,0.26249998807907104,0.3668399751186371,0.0,0.0,0.07975999265909195,0.03412000089883804,0.40139999985694885,0.0,0.0,0.11026499420404434,213.75,0.005160360597074032,0.011572770774364471,-0.0005435040220618248,0.08252087235450745,29.604751586914062,4000.0,296000.0,0.485956609249115,0.42060717940330505,0.28089436888694763
9500.0,77824000.0,2189162.90450302,57609.55011850053,35.54966139793396,0.9000000357627869,0.0,0.10000000149011612,0.9000000357627869,0.30000001192092896,1.0,0.0,0.20000000298023224,0.42500001192092896,0.7336799502372742,0.0,0.021879995241761208,0.42191997170448303,0.06275998800992966,0.5215599536895752,0.0,0.09991999715566635,0.23271498084068298,190.125,0.005048234015703201,0.011200256645679474,-0.00047542795073240995,0.07646621763706207,29.08237648010254,4000.0,304000.0,0.5347881317138672,0.4516209661960602,0.2821596562862396
9750.0,79872000.0,2229850.435129329,57175.65218280331,35.81944274902344,0.9000000357627869,0.0,0.0,0.10000000149011612,0.0,0.9000000357627869,0.10000000149011612,0.0,0.25,0.5788800120353699,0.0,0.0,0.012519997544586658,0.0,0.4395599365234375,0.055719997733831406,0.0,0.13583499193191528,208.25,0.005214802920818329,0.011509722098708153,-0.0004629933391697705,0.07706531137228012,29.624000549316406,4000.0,312000.0,0.5185927748680115,0.44373902678489685,0.2863560914993286
10000.0,81920000.0,2195039.129585486,54875.978239637145,37.32051920890808,0.699999988079071,0.0,0.0,0.5,0.6000000238418579,0.9000000357627869,0.0,1.0,0.4625000059604645,0.3508000075817108,0.0,0.0,0.18211998045444489,0.15143997967243195,0.4262399673461914,0.0,0.46720001101493835,0.19722498953342438,195.5,0.004907304886728525,0.010993708856403828,-0.0005105718737468123,0.07897739857435226,29.95012664794922,4000.0,320000.0,0.5532023906707764,0.46978771686553955,0.28778010606765747
10250.0,83968000.0,2239069.2106655426,54611.444162574204,37.50129723548889,1.0,0.6000000238418579,0.0,0.20000000298023224,0.20000000298023224,0.9000000357627869,0.0,0.10000000149011612,0.375,0.6180400252342224,0.2054399698972702,0.0,0.09127999097108841,0.049519993364810944,0.3405599594116211,0.0,0.07552000135183334,0.17254498600959778,217.75,0.0050033037550747395,0.01116979494690895,-0.000513356935698539,0.06823596358299255,29.896251678466797,4000.0,328000.0,0.7160526514053345,0.5654520988464355,0.2876589298248291
10500.0,86016000.0,2407967.9936848525,57332.57127821077,35.721405029296875,0.6000000238418579,0.10000000149011612,0.0,0.800000011920929,0.800000011920929,1.0,0.0,0.800000011920929,0.512499988079071,0.20111997425556183,0.025119995698332787,0.0,0.34783995151519775,0.2743999660015106,0.501759946346283,0.0,0.4147999882698059,0.2206299901008606,208.25,0.004764039069414139,0.01069469191133976,-0.0005127317272126675,0.07057460397481918,30.540376663208008,4000.0,336000.0,0.6049693822860718,0.49652940034866333,0.28493446111679077
10750.0,88064000.0,2364069.5724661197,54978.36215037487,37.2510187625885,1.0,0.0,0.20000000298023224,0.699999988079071,0.9000000357627869,1.0,0.0,0.5,0.5375000238418579,0.45135995745658875,0.0,0.04159998893737793,0.2906799912452698,0.3330000042915344,0.4113999307155609,0.0,0.24872000515460968,0.22209498286247253,199.625,0.00516054080799222,0.011366443708539009,-0.0004512785526458174,0.07140270620584488,29.704252243041992,4000.0,344000.0,0.562267005443573,0.47171851992607117,0.28781843185424805
11000.0,90112000.0,2419559.343060694,54989.985069561226,37.24314522743225,1.0,0.5,0.30000001192092896,1.0,0.800000011920929,0.9000000357627869,0.0,0.5,0.625,0.6011199355125427,0.17239998281002045,0.05735999345779419,0.412479966878891,0.25495997071266174,0.498960018157959,0.0,0.16015997529029846,0.2696799635887146,176.5,0.0055437227711081505,0.012108929455280304,-0.00044412704301066697,0.06661464273929596,31.001750946044922,4000.0,352000.0,0.49613699316978455,0.4331910312175751,0.2963067293167114
11250.0,92160000.0,2476409.460185522,55031.32133745605,37.21517038345337,1.0,0.10000000149011612,0.0,1.0,0.20000000298023224,0.6000000238418579,0.10000000149011612,0.0,0.375,0.4959999620914459,0.02367999590933323,0.0,0.4506399631500244,0.0459199920296669,0.26736000180244446,0.056439995765686035,0.0,0.16750499606132507,218.125,0.004867008421570063,0.010738898068666458,-0.0004433846042957157,0.05905578285455704,31.88775062561035,4000.0,360000.0,0.44061899185180664,0.3950854539871216,0.29021111130714417
11500.0,94208000.0,2669869.9712747266,58040.65154945057,35.28561353683472,1.0,0.0,0.20000000298023224,1.0,1.0,0.699999988079071,0.20000000298023224,0.4000000059604645,0.5625,0.7688800096511841,0.0,0.049519993364810944,0.5283999443054199,0.4499199390411377,0.2589999735355377,0.025039995089173317,0.13648000359535217,0.27715498208999634,178.375,0.005537969991564751,0.01214810460805893,-0.0004726196057163179,0.06346277892589569,31.21587562561035,4000.0,368000.0,0.4832547903060913,0.42504453659057617,0.296501487493515
11750.0,96256000.0,2637653.605139314,56120.28947104924,36.493040561676025,1.0,0.0,0.0,0.699999988079071,0.10000000149011612,0.30000001192092896,0.0,0.0,0.26250001788139343,0.7760800123214722,0.0,0.0,0.32667994499206543,0.032680001109838486,0.09839998930692673,0.0,0.0,0.154229998588562,228.5,0.005268970038741827,0.01171885710209608,-0.0005326588288880885,0.05779915675520897,31.672876358032227,4000.0,376000.0,0.5285875797271729,0.4562411904335022,0.2961096167564392
12000.0,98304000.0,2689643.4215916917,56034.237949826915,36.54908275604248,1.0,0.0,0.20000000298023224,1.0,0.4000000059604645,1.0,0.30000001192092896,0.699999988079071,0.5750000476837158,0.7487199902534485,0.0,0.06175999715924263,0.4995999336242676,0.1069599911570549,0.48195990920066833,0.10091998428106308,0.2348799705505371,0.2793499827384949,190.375,0.005374238360673189,0.011811772361397743,-0.00047516499762423337,0.056482959538698196,32.80987548828125,4000.0,384000.0,0.5211932063102722,0.4497968256473541,0.2981489598751068
12250.0,100352000.0,2649966.5124183143,54080.949233026826,37.869157791137695,1.0,0.20000000298023224,1.0,1.0,1.0,0.9000000357627869,0.0,0.0,0.6375000476837158,0.7501599788665771,0.06751999258995056,0.4074399471282959,0.5211999416351318,0.5168799757957458,0.5151599645614624,0.0,0.0,0.34729498624801636,163.25,0.0045926994644105434,0.010308869183063507,-0.0005066529847681522,0.05508209392428398,32.45937728881836,4000.0,392000.0,0.6669437885284424,0.5433499217033386,0.2882494032382965
12500.0,102400000.0,2821206.249909476,56424.12499818952,36.296530961990356,0.9000000357627869,0.20000000298023224,0.4000000059604645,1.0,0.6000000238418579,0.800000011920929,0.10000000149011612,1.0,0.625,0.7236000299453735,0.09991999715566635,0.10623998939990997,0.5283999443054199,0.24215999245643616,0.36871999502182007,0.029439998790621758,0.40599995851516724,0.3130599856376648,209.25,0.005527175962924957,0.012228515930473804,-0.0005314283771440387,0.055653657764196396,32.93150329589844,4000.0,400000.0,0.7414228320121765,0.6030665636062622,0.29308468103408813
12750.0,104448000.0,2910017.2504776716,57059.16177407199,35.89257073402405,1.0,0.0,0.699999988079071,1.0,0.699999988079071,0.9000000357627869,0.0,0.4000000059604645,0.5874999761581421,0.7703200578689575,0.0,0.30723997950553894,0.4419999122619629,0.314439982175827,0.43883997201919556,0.0,0.17895999550819397,0.3064749836921692,177.0,0.005876393523067236,0.01276499591767788,-0.0004479172930587083,0.05818753316998482,32.18187713623047,4000.0,408000.0,0.4805501401424408,0.42350342869758606,0.30005910992622375
13000.0,106496000.0,2968046.036613055,57077.8083964049,35.880845069885254,0.699999988079071,0.0,0.0,1.0,0.0,0.5,0.0,0.10000000149011612,0.2875000238418579,0.2420799732208252,0.0,0.0,0.5139999389648438,0.0,0.1727599948644638,0.0,0.01431999821215868,0.11789499223232269,222.75,0.00605805404484272,0.013256875798106194,-0.0005110166384838521,0.05936691537499428,34.03375244140625,4000.0,416000.0,0.6289854049682617,0.5218308568000793,0.30549100041389465
13250.0,108544000.0,2893335.6749657867,54591.239150297864,37.51517701148987,1.0,0.0,1.0,1.0,0.9000000357627869,0.800000011920929,0.9000000357627869,0.800000011920929,0.800000011920929,0.7227999567985535,0.0,0.4635999798774719,0.5283999443054199,0.3250799775123596,0.26899996399879456,0.480599969625473,0.31112000346183777,0.3875749707221985,160.625,0.00537187559530139,0.011796493083238602,-0.0004662787541747093,0.06009199842810631,34.10062789916992,4000.0,424000.0,0.7058082222938538,0.5646862387657166,0.30271950364112854
13500.0,110592000.0,2953691.425190079,54697.989355371836,37.44196128845215,1.0,0.0,0.699999988079071,1.0,0.10000000149011612,0.9000000357627869,0.30000001192092896,0.699999988079071,0.5874999761581421,0.7559200525283813,0.0,0.1956399828195572,0.5276799201965332,0.029079997912049294,0.300959974527359,0.10307998955249786,0.2917599678039551,0.27551499009132385,193.0,0.005419702734798193,0.012006225995719433,-0.0005241822800599039,0.059227921068668365,34.508750915527344,4000.0,432000.0,0.5892349481582642,0.4988945722579956,0.30600643157958984
13750.0,112640000.0,3051075.6310803574,55474.10238327923,36.91812777519226,1.0,0.0,0.6000000238418579,0.9000000357627869,0.9000000357627869,0.800000011920929,0.20000000298023224,0.699999988079071,0.637499988079071,0.7861599922180176,0.0,0.1730399876832962,0.47555994987487793,0.22355997562408447,0.2715199887752533,0.032239992171525955,0.25143998861312866,0.27668997645378113,197.0,0.005077068693935871,0.011332790367305279,-0.0005327080725692213,0.05661841481924057,34.105377197265625,4000.0,440000.0,0.5503426194190979,0.46701160073280334,0.3004072308540344
14000.0,114688000.0,4145347.3494893266,74024.05981230941,27.666680335998535,1.0,0.0,0.0,1.0,0.0,0.9000000357627869,0.30000001192092896,0.0,0.4000000059604645,0.7134400606155396,0.0,0.0,0.49671992659568787,0.0,0.2818799912929535,0.06815999001264572,0.0,0.1950249969959259,194.875,0.005295201670378447,0.011759776622056961,-0.0005344462697394192,0.05023999884724617,35.769500732421875,4000.0,448000.0,0.726885199546814,0.5823911428451538,0.2990066111087799
14250.0,116736000.0,3220945.143820345,56507.8095407078,36.242778062820435,1.0,0.20000000298023224,1.0,1.0,1.0,1.0,0.4000000059604645,0.0,0.7000000476837158,0.7984000444412231,0.07039999216794968,0.44919997453689575,0.5283999443054199,0.5427999496459961,0.4347999691963196,0.16023997962474823,0.0,0.37303000688552856,171.125,0.005282030440866947,0.011689404956996441,-0.0005154188838787377,0.04725302383303642,35.517250061035156,4000.0,456000.0,0.6482085585594177,0.5266880393028259,0.2965373396873474
14500.0,118784000.0,3188165.066017123,54968.363207191775,37.25779485702515,1.0,0.0,0.800000011920929,1.0,0.800000011920929,0.9000000357627869,0.30000001192092896,0.30000001192092896,0.6375000476837158,0.7595199942588806,0.0,0.15199998021125793,0.5154399275779724,0.2239999771118164,0.37439996004104614,0.18371999263763428,0.038639992475509644,0.2809649705886841,202.125,0.005408592987805605,0.011945318430662155,-0.0005163189489394426,0.04774804785847664,34.45100021362305,4000.0,464000.0,0.4890180230140686,0.43098774552345276,0.30007970333099365
14750.0,120832000.0,3220705.4236034863,54588.227518703156,37.51724672317505,1.0,0.0,0.800000011920929,1.0,1.0,1.0,0.5,1.0,0.7875000238418579,0.7926400303840637,0.0,0.16207997500896454,0.5283999443054199,0.28863999247550964,0.37575992941856384,0.14287999272346497,0.35919997096061707,0.33119997382164,179.375,0.005576241761445999,0.012207836844027042,-0.00047745206393301487,0.05022383853793144,35.899375915527344,4000.0,472000.0,0.5052069425582886,0.44089698791503906,0.3030616044998169
15000.0,122880000.0,3710802.6334976275,61846.71055829379,33.11412978172302,1.0,0.4000000059604645,0.800000011920929,1.0,1.0,0.800000011920929,0.6000000238418579,0.5,0.762499988079071,0.7523199915885925,0.1292800009250641,0.17215998470783234,0.5283999443054199,0.2425599843263626,0.2675599753856659,0.15143997967243195,0.31567999720573425,0.3199250102043152,163.125,0.005095725879073143,0.011471185833215714,-0.0005919826216995716,0.04788479954004288,34.034000396728516,4000.0,480000.0,0.5474725365638733,0.4717060327529907,0.30159229040145874
15250.0,124928000.0,3783254.0582927074,62020.55833266734,33.0213086605072,1.0,0.4000000059604645,0.4000000059604645,1.0,0.800000011920929,1.0,0.800000011920929,0.5,0.7374999523162842,0.7818400263786316,0.13432000577449799,0.18543998897075653,0.49383994936943054,0.41047999262809753,0.5712400078773499,0.32767999172210693,0.1637599915266037,0.3835749924182892,170.125,0.005454728379845619,0.012036404572427273,-0.0005165802431292832,0.04689335823059082,35.3692512512207,4000.0,488000.0,0.5558942556381226,0.47863680124282837,0.30547282099723816
15500.0,126976000.0,4015776.7640009453,64770.59296775718,31.619287490844727,1.0,0.10000000149011612,1.0,1.0,1.0,0.699999988079071,0.699999988079071,0.4000000059604645,0.737500011920929,0.7602400183677673,0.04960000142455101,0.4808799922466278,0.5283999443054199,0.5427999496459961,0.2633199691772461,0.42819997668266296,0.10119998455047607,0.3943299651145935,153.5,0.005455313716083765,0.011979185976088047,-0.0004916685284115374,0.0426107756793499,35.47087478637695,4000.0,496000.0,0.46356165409088135,0.4154645800590515,0.3063614070415497
15750.0,129024000.0,4109131.8098973907,65224.314442815725,31.399333477020264,0.800000011920929,0.0,0.800000011920929,1.0,0.800000011920929,1.0,0.800000011920929,0.9000000357627869,0.762499988079071,0.6718400120735168,0.0,0.1707199662923813,0.5283999443054199,0.2009599655866623,0.5233599543571472,0.2524399757385254,0.3412799835205078,0.336124986410141,171.25,0.005304607562720776,0.011745142750442028,-0.0005242339102551341,0.043730203062295914,36.03712844848633,4000.0,504000.0,0.47031670808792114,0.4193250834941864,0.30298393964767456
16000.0,131072000.0,4257213.857875594,66518.96652930616,30.788211345672607,1.0,0.0,0.30000001192092896,1.0,0.10000000149011612,0.10000000149011612,0.0,1.0,0.4375,0.813520073890686,0.0,0.04475998878479004,0.5186799764633179,0.013239997439086437,0.05211999639868736,0.0,0.5910399556159973,0.2541700005531311,190.5,0.005685268901288509,0.01237207930535078,-0.00046020824811421335,0.04056244716048241,35.57500076293945,4000.0,512000.0,0.5479687452316284,0.473441481590271,0.30821293592453003
16250.0,133120000.0,3836699.5372885196,59026.14672751569,34.69648814201355,0.9000000357627869,0.4000000059604645,0.0,0.9000000357627869,0.0,0.699999988079071,0.9000000357627869,0.30000001192092896,0.5125000476837158,0.6710399985313416,0.101919986307621,0.0,0.4280399978160858,0.0,0.18015997111797333,0.22751997411251068,0.053759992122650146,0.20780499279499054,187.875,0.004648264497518539,0.010351604782044888,-0.0004857423482462764,0.04179567098617554,34.753501892089844,4000.0,520000.0,0.44673269987106323,0.4029097557067871,0.2981492578983307
16500.0,135168000.0,3608721.566640875,54677.599494558715,37.45592379570007,0.800000011920929,0.0,0.10000000149011612,1.0,0.0,0.20000000298023224,0.10000000149011612,0.4000000059604645,0.32500001788139343,0.5443999767303467,0.0,0.010359996929764748,0.5283999443054199,0.0,0.13808000087738037,0.03519999980926514,0.2070399969816208,0.18293499946594238,195.125,0.005053131375461817,0.011216240003705025,-0.0005112524959258735,0.04373680427670479,37.09737777709961,4000.0,528000.0,0.44892436265945435,0.4024980962276459,0.294786274433136
16750.0,137216000.0,3891810.204262997,58086.719466611896,35.25762891769409,0.9000000357627869,0.5,1.0,1.0,1.0,0.800000011920929,0.5,0.800000011920929,0.8125,0.5421599745750427,0.15943999588489532,0.3383199870586395,0.5283999443054199,0.3123999536037445,0.365479975938797,0.15403997898101807,0.2877199649810791,0.3359949588775635,171.75,0.005121337249875069,0.011311408132314682,-0.0004942073137499392,0.04015925154089928,36.87425231933594,4000.0,536000.0,0.7038412094116211,0.577094316482544,0.2944345772266388
17000.0,139264000.0,4118118.8602269837,60560.57147392623,33.81738233566284,1.0,0.5,0.800000011920929,1.0,0.800000011920929,1.0,0.0,1.0,0.762499988079071,0.7235199809074402,0.12199997901916504,0.2088799774646759,0.5265999436378479,0.1937599629163742,0.4578400254249573,0.0,0.5611600279808044,0.3492199778556824,173.75,0.005261586979031563,0.011700401082634926,-0.0005456761573441327,0.04293752461671829,37.26475143432617,4000.0,544000.0,0.45331159234046936,0.4058992862701416,0.29660460352897644
17250.0,141312000.0,4199489.0816384815,60862.16060345625,33.6498076915741,0.5,0.0,1.0,1.0,1.0,0.800000011920929,0.30000001192092896,0.6000000238418579,0.6499999761581421,0.1738399863243103,0.0,0.4175199568271637,0.5283999443054199,0.4031199514865875,0.4270400106906891,0.17003999650478363,0.290039986371994,0.30124998092651367,174.875,0.005061469040811062,0.01120197307318449,-0.0004987402353435755,0.04077751189470291,37.50662612915039,4000.0,552000.0,0.5135394930839539,0.44570469856262207,0.2901466190814972
17500.0,143360000.0,4836561.944181757,69093.7420597394,29.640889883041382,1.0,0.10000000149011612,0.6000000238418579,1.0,1.0,0.6000000238418579,0.9000000357627869,0.0,0.6499999761581421,0.8142400979995728,0.01647999882698059,0.10391998291015625,0.5280399322509766,0.3015999495983124,0.13199996948242188,0.34919998049736023,0.0,0.2806849777698517,186.375,0.005471613723784685,0.011998369358479977,-0.00048752990551292896,0.040041204541921616,37.19437789916992,4000.0,560000.0,0.6151924729347229,0.5138748288154602,0.29888007044792175
17750.0,145408000.0,4778800.821694531,67307.05382668354,30.427717208862305,1.0,0.4000000059604645,1.0,1.0,0.9000000357627869,1.0,0.20000000298023224,0.20000000298023224,0.7125000357627869,0.7710400819778442,0.17319998145103455,0.4679199755191803,0.5298399329185486,0.48851996660232544,0.5031999945640564,0.03871999308466911,0.06319998949766159,0.37945500016212463,149.375,0.0056596118956804276,0.012405525892972946,-0.0004986908170394599,0.04445982724428177,37.19962692260742,4000.0,568000.0,0.596871554851532,0.4981608986854553,0.30846282839775085
18000.0,147456000.0,4270141.670899523,59307.52320693782,34.53187537193298,1.0,0.20000000298023224,0.9000000357627869,0.800000011920929,1.0,1.0,0.5,0.4000000059604645,0.7250000238418579,0.765999972820282,0.0408799909055233,0.385560005903244,0.3147200047969818,0.2864799499511719,0.5172399878501892,0.19039998948574066,0.08103998750448227,0.3227899670600891,192.5,0.006106164306402206,0.013135025277733803,-0.00041771747055463493,0.04363103210926056,37.375877380371094,4000.0,576000.0,0.5059237480163574,0.4454691708087921,0.3184296190738678
18250.0,149504000.0,4003832.943828153,54847.026627782914,37.340219259262085,0.9000000357627869,0.0,0.9000000357627869,1.0,1.0,1.0,0.4000000059604645,0.9000000357627869,0.7625000476837158,0.3959999680519104,0.0,0.38843995332717896,0.5283999443054199,0.5298399329185486,0.35055994987487793,0.23799999058246613,0.2786400020122528,0.3387349843978882,183.625,0.00552789680659771,0.012106947600841522,-0.00048250952386297286,0.04306752607226372,37.34475326538086,4000.0,584000.0,0.6571024060249329,0.5470585823059082,0.3209560215473175
18500.0,151552000.0,4047565.3861512863,54696.82954258495,37.44275522232056,1.0,0.20000000298023224,0.5,1.0,0.0,1.0,0.6000000238418579,0.30000001192092896,0.5750000476837158,0.7055200338363647,0.07039999216794968,0.11515998840332031,0.5139999389648438,0.0,0.4117599427700043,0.35231998562812805,0.13727998733520508,0.28830498456954956,182.875,0.005678605288267136,0.012407871894538403,-0.0004854746221099049,0.03985556215047836,38.797000885009766,4000.0,592000.0,0.49352189898490906,0.44009217619895935,0.3199314773082733
18750.0,153600000.0,4075101.6006311323,54334.6880084151,37.69231176376343,1.0,0.4000000059604645,0.5,0.6000000238418579,1.0,1.0,0.9000000357627869,0.800000011920929,0.7749999761581421,0.7069600224494934,0.1220799908041954,0.0647599846124649,0.31703996658325195,0.31095996499061584,0.5809599757194519,0.2912399470806122,0.31255999207496643,0.3383199870586395,202.375,0.005696973297744989,0.012237264774739742,-0.00038268754724413157,0.038972385227680206,37.11750030517578,4000.0,600000.0,0.521522045135498,0.4599057137966156,0.31936460733413696
19000.0,155648000.0,4220281.938313119,55530.025504119985,36.880948305130005,0.699999988079071,0.4000000059604645,0.4000000059604645,0.699999988079071,0.699999988079071,0.800000011920929,1.0,0.5,0.6499999761581421,0.41415998339653015,0.17391999065876007,0.09255999326705933,0.3633999526500702,0.19779998064041138,0.21463997662067413,0.26847997307777405,0.3012799918651581,0.25327998399734497,236.125,0.00525877857580781,0.0115115437656641,-0.0004592241602949798,0.03776882216334343,37.638999938964844,4000.0,608000.0,0.5236321091651917,0.4571229815483093,0.3153117895126343
19250.0,157696000.0,4219306.742293387,54796.19145835567,37.37486028671265,0.800000011920929,0.0,0.9000000357627869,1.0,0.9000000357627869,0.30000001192092896,0.800000011920929,0.20000000298023224,0.612500011920929,0.6192800402641296,0.0,0.20771995186805725,0.5283999443054199,0.268919974565506,0.08219999074935913,0.23839998245239258,0.12223999947309494,0.2583949565887451,180.625,0.005412452854216099,0.011654814705252647,-0.0003808051988016814,0.034148700535297394,38.224124908447266,4000.0,616000.0,0.5249492526054382,0.46016520261764526,0.3112775385379791
19500.0,159744000.0,4228861.168937398,54216.16883253074,37.77470898628235,0.9000000357627869,0.4000000059604645,0.800000011920929,1.0,1.0,0.10000000149011612,0.10000000149011612,0.5,0.6000000238418579,0.5687999725341797,0.09831999242305756,0.2643199861049652,0.5283999443054199,0.5406399965286255,0.030159998685121536,0.03699999675154686,0.20335999131202698,0.2838749885559082,182.75,0.005317991599440575,0.011745201423764229,-0.0005159692955203354,0.0386405810713768,38.78125,4000.0,624000.0,0.5339162349700928,0.4658013880252838,0.3095637857913971
19750.0,161792000.0,4477174.557254563,56673.09566145016,36.13707661628723,1.0,0.0,0.10000000149011612,0.5,0.20000000298023224,0.9000000357627869,0.30000001192092896,0.0,0.375,0.7998400330543518,0.0,0.02115999534726143,0.25195997953414917,0.04015998914837837,0.39023998379707336,0.06275998800992966,0.0,0.19576500356197357,197.75,0.004996937233954668,0.01100845541805029,-0.0004686267056968063,0.0386643148958683,38.98987579345703,4000.0,632000.0,0.5171341300010681,0.45091792941093445,0.30496883392333984
20000.0,163840000.0,4339473.396220688,54243.4174527586,37.755733251571655,1.0,0.20000000298023224,0.10000000149011612,1.0,0.5,1.0,0.0,0.0,0.4750000238418579,0.7199199795722961,0.0610399954020977,0.012519997544586658,0.5283999443054199,0.14179997146129608,0.49167996644973755,0.0,0.0,0.24441997706890106,205.125,0.004987096879631281,0.010973514057695866,-0.00045979084097780287,0.03986964002251625,38.27662658691406,4000.0,640000.0,0.5883347988128662,0.4975230097770691,0.30266815423965454
20250.0,165888000.0,4436303.771708782,54769.18236677509,37.39329147338867,1.0,0.0,0.800000011920929,1.0,0.699999988079071,0.9000000357627869,0.0,0.6000000238418579,0.625,0.7292799949645996,0.0,0.2635999619960785,0.5283999443054199,0.16611997783184052,0.2829599678516388,0.0,0.2587200105190277,0.2786349654197693,207.5,0.004502648953348398,0.009966569021344185,-0.0004451213753782213,0.03551407530903816,38.81037521362305,4000.0,648000.0,0.7107471823692322,0.5799770355224609,0.29682403802871704
20500.0,167936000.0,4553879.827408464,55535.11984644468,36.877565145492554,0.9000000357627869,0.0,0.4000000059604645,1.0,0.0,0.30000001192092896,0.0,0.4000000059604645,0.375,0.6026399731636047,0.0,0.10479998588562012,0.49239999055862427,0.0,0.07607998698949814,0.0,0.2322399914264679,0.18851998448371887,211.25,0.004850797355175018,0.010758024640381336,-0.0004922350635752082,0.035979826003313065,38.345252990722656,4000.0,656000.0,0.5935119390487671,0.49992167949676514,0.2944338917732239
20750.0,169984000.0,4385337.909204651,52835.39649644157,38.7618932723999,1.0,0.6000000238418579,1.0,0.5,0.20000000298023224,0.800000011920929,0.0,0.10000000149011612,0.5249999761581421,0.6680799722671509,0.22127997875213623,0.33183997869491577,0.26419997215270996,0.10423999279737473,0.2391199916601181,0.0,0.043119996786117554,0.23398499190807343,191.25,0.0045135747641325,0.010273255407810211,-0.0005869794404134154,0.03607388585805893,38.88687515258789,4000.0,664000.0,0.6413044333457947,0.5223283767700195,0.2937977612018585
21000.0,172032000.0,4395402.611966996,52326.221571035676,39.139076709747314,1.0,0.4000000059604645,0.800000011920929,0.9000000357627869,0.4000000059604645,0.5,0.30000001192092896,1.0,0.6624999642372131,0.7508800029754639,0.1119999885559082,0.13255997002124786,0.47555994987487793,0.11127998679876328,0.15439999103546143,0.06815999001264572,0.6579999923706055,0.3078550100326538,182.0,0.004768737126141787,0.010757599025964737,-0.0005722161731682718,0.03784603998064995,38.88937759399414,4000.0,672000.0,0.6908501982688904,0.5542390942573547,0.2945050895214081
21250.0,174080000.0,4668677.818583754,54925.62139510299,37.28678798675537,1.0,0.0,0.6000000238418579,1.0,0.10000000149011612,0.800000011920929,0.20000000298023224,0.30000001192092896,0.5,0.6399999856948853,0.0,0.18095996975898743,0.5247999429702759,0.01395999826490879,0.171439990401268,0.04447999596595764,0.10416000336408615,0.2099749743938446,215.375,0.0051375194452703,0.011213910765945911,-0.00043405735050328076,0.035378556698560715,38.92812728881836,4000.0,680000.0,0.45041269063949585,0.4023694694042206,0.29723888635635376
21500.0,176128000.0,4805907.865749701,55882.64960174071,36.648226499557495,1.0,0.0,0.699999988079071,0.9000000357627869,0.0,0.800000011920929,0.0,0.6000000238418579,0.5,0.6853599548339844,0.0,0.22011998295783997,0.46907997131347656,0.0,0.36871999502182007,0.0,0.31775999069213867,0.25762999057769775,218.5,0.004598759114742279,0.010145235806703568,-0.0004387299995869398,0.03512902930378914,39.334251403808594,4000.0,688000.0,0.4995698928833008,0.43374693393707275,0.2918786108493805
21750.0,178176000.0,4718237.687296515,54232.61709536225,37.76325225830078,0.9000000357627869,0.0,1.0,0.9000000357627869,0.800000011920929,1.0,0.30000001192092896,0.20000000298023224,0.6375000476837158,0.4888799786567688,0.0,0.45351991057395935,0.47555994987487793,0.3492799699306488,0.5067999958992004,0.05483998730778694,0.022159993648529053,0.29387998580932617,202.5,0.005100663751363754,0.011252670548856258,-0.000492133607622236,0.033537913113832474,39.222877502441406,4000.0,696000.0,0.473084032535553,0.4185023009777069,0.2964533865451813
22000.0,180224000.0,4794807.477366116,54486.448606433136,37.58732771873474,1.0,0.699999988079071,0.699999988079071,1.0,0.800000011920929,0.4000000059604645,0.0,0.10000000149011612,0.5875000357627869,0.6925600171089172,0.22623996436595917,0.3288399875164032,0.4859199523925781,0.19231997430324554,0.18831999599933624,0.0,0.0179199930280447,0.26651498675346375,179.25,0.005079671740531921,0.011066391132771969,-0.0004221608105581254,0.03136315941810608,38.98087692260742,4000.0,704000.0,0.5609356760978699,0.47417759895324707,0.2965300977230072
22250.0,182272000.0,4849500.606853483,54488.77086352229,37.58572578430176,0.6000000238418579,0.10000000149011612,1.0,1.0,1.0,0.0,0.4000000059604645,1.0,0.6375000476837158,0.36312001943588257,0.04455999657511711,0.4923999309539795,0.5283999443054199,0.5320000052452087,0.0,0.06303998827934265,0.674560010433197,0.337259978055954,164.875,0.005312941037118435,0.011436615139245987,-0.00037476641591638327,0.030600419268012047,40.17387771606445,4000.0,712000.0,0.645497739315033,0.5338556170463562,0.2998139560222626
22500.0,184320000.0,4715938.910173539,52399.32122415043,39.08447575569153,1.0,0.0,1.0,0.800000011920929,0.9000000357627869,0.20000000298023224,0.10000000149011612,0.699999988079071,0.5874999761581421,0.5859999656677246,0.0,0.5067999362945557,0.42271995544433594,0.26027998328208923,0.07903999835252762,0.012159997597336769,0.3248799741268158,0.27398496866226196,202.25,0.005682640243321657,0.012355946004390717,-0.00046140237827785313,0.03393013775348663,40.80950164794922,4000.0,720000.0,0.6727811098098755,0.5536141395568848,0.3063092827796936
22750.0,186368000.0,4885986.292006651,53692.15705501814,38.14337348937988,1.0,0.699999988079071,0.6000000238418579,0.10000000149011612,0.5,1.0,0.0,0.0,0.48750001192092896,0.6925600171089172,0.20391999185085297,0.2306399792432785,0.049959998577833176,0.23323999345302582,0.4830399453639984,0.0,0.0,0.23666998744010925,200.875,0.005285345017910004,0.011467465199530125,-0.0004135720955673605,0.034815359860658646,41.030128479003906,4000.0,728000.0,0.5394371747970581,0.46727484464645386,0.3103324770927429
23000.0,188416000.0,4881671.819558376,53061.65021259105,38.59661340713501,1.0,0.4000000059604645,0.5,0.699999988079071,1.0,0.6000000238418579,0.5,0.30000001192092896,0.625,0.6363999247550964,0.1271200031042099,0.16843999922275543,0.36267995834350586,0.4607199728488922,0.20472000539302826,0.1133599802851677,0.08831999450922012,0.27021998167037964,193.125,0.004796268884092569,0.010545218363404274,-0.0004414350551087409,0.03490539640188217,39.976253509521484,4000.0,736000.0,0.7063462734222412,0.5663149952888489,0.3024209141731262
23250.0,190464000.0,5163644.387373402,55523.05792874626,36.885576486587524,1.0,0.0,0.6000000238418579,1.0,0.30000001192092896,1.0,0.6000000238418579,0.10000000149011612,0.574999988079071,0.7890400290489197,0.0,0.1701599806547165,0.5175999999046326,0.05411999300122261,0.4851999282836914,0.15827998518943787,0.06904000043869019,0.28042998909950256,175.75,0.005185964982956648,0.01120772399008274,-0.00038688714266754687,0.03100988082587719,40.24962615966797,4000.0,744000.0,0.5362495183944702,0.4648701846599579,0.304866760969162
23500.0,192512000.0,5082694.607091924,54071.21922438217,37.875972270965576,1.0,0.0,0.9000000357627869,1.0,1.0,1.0,0.10000000149011612,0.0,0.625,0.7472800016403198,0.0,0.3603599965572357,0.5262399911880493,0.5197599530220032,0.5248000025749207,0.01467999815940857,0.0,0.33664000034332275,164.375,0.004765657242387533,0.010518248192965984,-0.0004619185347110033,0.0315483957529068,39.87312698364258,4000.0,752000.0,0.46498775482177734,0.41609445214271545,0.3006918430328369
23750.0,194560000.0,5225083.837382269,55000.88249876073,37.23576617240906,1.0,0.20000000298023224,0.800000011920929,0.4000000059604645,1.0,1.0,0.0,1.0,0.675000011920929,0.6853600144386292,0.05815999582409859,0.2707999646663666,0.15375998616218567,0.4275999963283539,0.42472001910209656,0.0,0.29655998945236206,0.28961998224258423,169.0,0.005846136249601841,0.012565815821290016,-0.00040038934093900025,0.036381859332323074,40.717002868652344,4000.0,760000.0,0.7821134924888611,0.6315971612930298,0.31357327103614807
24000.0,196608000.0,5344189.761657522,55668.64335059919,36.78911280632019,1.0,0.10000000149011612,0.699999988079071,0.6000000238418579,1.0,0.800000011920929,0.0,0.800000011920929,0.625,0.8401600122451782,0.02871999703347683,0.27699998021125793,0.1903199851512909,0.5204799771308899,0.5004799962043762,0.0,0.4111999571323395,0.34604498744010925,194.5,0.005409862380474806,0.011661368422210217,-0.0003897995047736913,0.031022271141409874,40.53812789916992,4000.0,768000.0,0.7439472079277039,0.6034955382347107,0.3169172406196594
24250.0,198656000.0,5352082.627026648,55176.10955697576,37.11751365661621,1.0,0.20000000298023224,1.0,0.0,1.0,0.0,0.0,0.30000001192092896,0.4375,0.6551200151443481,0.07975999265909195,0.40671998262405396,0.0,0.4808799922466278,0.0,0.0,0.055199988186359406,0.2097100019454956,205.75,0.005853652488440275,0.012543600983917713,-0.00038955340278334916,0.028594300150871277,39.53412628173828,4000.0,776000.0,0.5336688756942749,0.46496307849884033,0.32482099533081055
24500.0,200704000.0,5182256.648551572,52880.169883179304,38.72907376289368,1.0,0.0,0.6000000238418579,0.10000000149011612,0.800000011920929,0.5,0.10000000149011612,0.800000011920929,0.48750001192092896,0.535599946975708,0.0,0.27743998169898987,0.05283999443054199,0.16495998203754425,0.11407997459173203,0.02619999647140503,0.22687998414039612,0.1747499704360962,234.5,0.004709909204393625,0.010251396335661411,-0.00038701685843989253,0.028772134333848953,40.45362854003906,4000.0,784000.0,0.5169654488563538,0.45655202865600586,0.32039880752563477
24750.0,202752000.0,5322208.240685581,53759.67919884426,38.095465421676636,1.0,0.0,1.0,0.800000011920929,0.6000000238418579,1.0,0.0,0.800000011920929,0.6499999761581421,0.7494400143623352,0.0,0.25839993357658386,0.28735995292663574,0.1175999864935875,0.5586400032043457,0.0,0.3391999900341034,0.2888299822807312,197.875,0.00573775265365839,0.012285511940717697,-0.0003761555708479136,0.028847357258200645,42.61937713623047,4000.0,792000.0,0.5935320854187012,0.5048466324806213,0.32565510272979736
25000.0,204800000.0,9160626.50844221,91606.2650844221,22.356549501419067,1.0,0.0,1.0,0.30000001192092896,0.9000000357627869,0.800000011920929,0.699999988079071,0.6000000238418579,0.6625000238418579,0.7458400130271912,0.0,0.25551995635032654,0.15851998329162598,0.12203998863697052,0.2412799894809723,0.12147998064756393,0.2587199807167053,0.2379249930381775,203.625,0.0056492662988603115,0.01222205813974142,-0.0004315534024499357,0.030209358781576157,43.769752502441406,4000.0,800000.0,0.5973432064056396,0.5121206045150757,0.32710352540016174
25250.0,206848000.0,11111271.690200852,110012.59099208766,18.616050958633423,1.0,0.0,0.9000000357627869,0.6000000238418579,0.9000000357627869,0.800000011920929,1.0,0.30000001192092896,0.6875,0.765999972820282,0.0,0.30563998222351074,0.3004799783229828,0.2768400013446808,0.27007997035980225,0.45135995745658875,0.1531199961900711,0.31543996930122375,184.875,0.005569060333073139,0.011947802267968655,-0.00037384589086286724,0.03099537082016468,42.97800064086914,4000.0,808000.0,0.4870026409626007,0.43838614225387573,0.32855355739593506
25500.0,208896000.0,11161892.99319565,109430.32346270245,18.715105056762695,1.0,0.0,0.9000000357627869,1.0,1.0,1.0,0.9000000357627869,1.0,0.8500000238418579,0.6695200204849243,0.0,0.4215599596500397,0.5427999496459961,0.4779999852180481,0.5327200293540955,0.38735994696617126,0.5629599690437317,0.44936496019363403,137.125,0.004744043108075857,0.01063999067991972,-0.0005423517432063818,0.0335998460650444,42.468875885009766,4000.0,816000.0,0.7326732873916626,0.597785234451294,0.32022297382354736
25750.0,210944000.0,11580574.122894444,112432.75847470334,18.21533179283142,0.699999988079071,0.20000000298023224,0.5,1.0,0.699999988079071,0.699999988079071,0.699999988079071,1.0,0.6875,0.3903999924659729,0.026479994878172874,0.18139998614788055,0.5183199644088745,0.13875998556613922,0.1340799778699875,0.13875998556613922,0.6306399703025818,0.26985496282577515,197.375,0.0057831211015582085,0.012374660931527615,-0.00037292190245352685,0.031287871301174164,41.261253356933594,4000.0,824000.0,0.6144219040870667,0.5192006826400757,0.32343921065330505
26000.0,212992000.0,11500230.609700305,110579.14047788754,18.520672082901,1.0,0.4000000059604645,0.699999988079071,0.0,0.5,0.0,0.9000000357627869,0.699999988079071,0.5249999761581421,0.7919200658798218,0.2401599884033203,0.10059996694326401,0.0,0.09067998826503754,0.0,0.22607998549938202,0.3147999942302704,0.22053000330924988,225.375,0.005350733175873756,0.011614502407610416,-0.00042594404658302665,0.030574461445212364,42.70387649536133,4000.0,832000.0,0.4823811948299408,0.43388742208480835,0.32428908348083496
26250.0,215040000.0,11795979.929771043,112342.66599781947,18.229939460754395,1.0,0.9000000357627869,0.30000001192092896,0.5,0.0,0.6000000238418579,0.6000000238418579,0.800000011920929,0.5874999761581421,0.7336000204086304,0.422639936208725,0.06203998997807503,0.2569999694824219,0.0,0.15647998452186584,0.21623997390270233,0.44575998187065125,0.2867199778556824,181.0,0.005740202497690916,0.012404213659465313,-0.0004307892231736332,0.031114816665649414,41.20037841796875,4000.0,840000.0,0.7666300535202026,0.6224573254585266,0.32912763953208923
26500.0,217088000.0,11882459.853549466,112098.67786367421,18.269617795944214,1.0,0.10000000149011612,0.9000000357627869,0.9000000357627869,1.0,0.20000000298023224,0.9000000357627869,0.6000000238418579,0.7000000476837158,0.7501600384712219,0.025119995698332787,0.3272399604320526,0.476999968290329,0.40887996554374695,0.1035199910402298,0.21815995872020721,0.35735997557640076,0.3334299921989441,167.875,0.005711363162845373,0.01219066884368658,-0.0003535232099238783,0.030448053032159805,43.1666259765625,4000.0,848000.0,0.5269291400909424,0.4655975103378296,0.32924365997314453
26750.0,219136000.0,11800141.158355344,110281.69306874153,18.57062530517578,0.30000001192092896,0.0,1.0,1.0,0.9000000357627869,0.9000000357627869,0.30000001192092896,1.0,0.6749999523162842,0.1833599954843521,0.0,0.2295999526977539,0.5283999443054199,0.22067995369434357,0.34992000460624695,0.040439993143081665,0.5248000025749207,0.25964999198913574,201.125,0.005481577944010496,0.011918741278350353,-0.00044650360359810293,0.03128828480839729,42.946502685546875,4000.0,856000.0,0.8596717119216919,0.6823792457580566,0.32836493849754333
27000.0,221184000.0,12002837.685574649,111137.38597754303,18.427642345428467,1.0,0.20000000298023224,1.0,1.0,0.9000000357627869,0.800000011920929,0.6000000238418579,1.0,0.8125,0.799839973449707,0.06823999434709549,0.2720799446105957,0.5269599556922913,0.22499997913837433,0.42775997519493103,0.19607998430728912,0.44919997453689575,0.3706449866294861,176.125,0.005596272647380829,0.012091212905943394,-0.0004201291303616017,0.029204992577433586,43.18412780761719,4000.0,864000.0,0.5169565677642822,0.4591071903705597,0.3253612220287323
27250.0,223232000.0,12221842.595628936,112126.99629017372,18.26500368118286,0.6000000238418579,0.4000000059604645,0.800000011920929,1.0,1.0,1.0,0.30000001192092896,1.0,0.762499988079071,0.4459199905395508,0.10263998806476593,0.22975997626781464,0.5283999443054199,0.2994399964809418,0.4657599627971649,0.08075998723506927,0.44199997186660767,0.324334979057312,185.25,0.005340168718248606,0.011558201164007187,-0.000410809472668916,0.028122175484895706,42.638877868652344,4000.0,872000.0,0.5294420719146729,0.4676547050476074,0.32654622197151184
27500.0,225280000.0,12180740.164592974,110734.00149629975,18.494771003723145,0.20000000298023224,0.10000000149011612,1.0,0.699999988079071,1.0,1.0,0.0,1.0,0.625,0.06391999125480652,0.030879998579621315,0.48375996947288513,0.29211997985839844,0.5197599530220032,0.4528000056743622,0.0,0.29367998242378235,0.2671149969100952,199.0,0.004960641264915466,0.010891683399677277,-0.0004551770689431578,0.03002353385090828,43.21150207519531,4000.0,880000.0,0.636895477771759,0.5404369235038757,0.32269954681396484
27750.0,227328000.0,12603925.972755833,113548.88263743994,18.036284923553467,1.0,0.0,0.9000000357627869,1.0,0.9000000357627869,1.0,0.0,0.800000011920929,0.7000000476837158,0.7760800719261169,0.0,0.17531996965408325,0.5283999443054199,0.3848399817943573,0.4808799922466278,0.0,0.17071998119354248,0.31452998518943787,196.375,0.004530139733105898,0.010052744299173355,-0.00046752908383496106,0.02870369702577591,41.51262664794922,4000.0,888000.0,0.47608354687690735,0.42601966857910156,0.31192857027053833
28000.0,229376000.0,12420473.33125601,110897.08331478579,18.467573165893555,1.0,0.699999988079071,1.0,1.0,0.6000000238418579,0.0,0.10000000149011612,1.0,0.675000011920929,0.7249600291252136,0.3471999764442444,0.355599969625473,0.4203999638557434,0.12191998213529587,0.0,0.01863999478518963,0.3771999776363373,0.2957399785518646,181.875,0.005341990385204554,0.011570416390895844,-0.0004163091361988336,0.026909001171588898,44.25950241088867,4000.0,896000.0,0.6753847002983093,0.5590841770172119,0.3154393136501312
28250.0,231424000.0,12660170.748888837,112036.9092822021,18.279690265655518,1.0,0.0,0.5,1.0,1.0,0.0,0.20000000298023224,0.800000011920929,0.5625,0.7991200089454651,0.0,0.16123998165130615,0.5283999443054199,0.5384799838066101,0.0,0.05239999294281006,0.43063998222351074,0.31378498673439026,164.625,0.005400717258453369,0.011731302365660667,-0.00043759282561950386,0.02734210342168808,43.22312545776367,4000.0,904000.0,0.5247559547424316,0.45974239706993103,0.313630074262619
28500.0,233472000.0,12886594.101278037,113040.29913401786,18.117432594299316,1.0,0.0,1.0,1.0,1.0,1.0,0.0,0.9000000357627869,0.737500011920929,0.7811200022697449,0.0,0.2778399586677551,0.5283999443054199,0.5067999958992004,0.47655996680259705,0.0,0.6220800280570984,0.3990999758243561,176.625,0.005664669908583164,0.012010701932013035,-0.00031577845220454037,0.024902310222387314,42.77900314331055,4000.0,912000.0,0.5148051381111145,0.4538545608520508,0.3199951946735382
28750.0,235520000.0,12832831.780332567,111589.84156810929,18.352925062179565,1.0,0.0,0.800000011920929,1.0,0.800000011920929,0.699999988079071,0.0,0.30000001192092896,0.574999988079071,0.7379199862480164,0.0,0.3118399679660797,0.5283999443054199,0.31039997935295105,0.20031999051570892,0.0,0.1855199933052063,0.28429996967315674,174.625,0.005138755310326815,0.011029713787138462,-0.00035140421823598444,0.024697579443454742,43.27662658691406,4000.0,920000.0,0.5982770919799805,0.5097571015357971,0.3214797079563141
29000.0,237568000.0,12897383.330718303,111184.3390579164,18.419860363006592,1.0,0.0,0.9000000357627869,0.0,0.4000000059604645,0.0,0.0,0.9000000357627869,0.40000003576278687,0.8560000658035278,0.0,0.2977199852466583,0.0,0.1998399794101715,0.0,0.0,0.45215997099876404,0.22571499645709991,190.125,0.005173857789486647,0.0112925935536623,-0.00044402285129763186,0.0284158643335104,44.26675033569336,4000.0,928000.0,0.5766146183013916,0.49161940813064575,0.31908154487609863
29250.0,239616000.0,13010720.05463915,111202.73550973632,18.416813135147095,1.0,0.10000000149011612,0.5,0.30000001192092896,0.6000000238418579,0.9000000357627869,0.10000000149011612,0.10000000149011612,0.45000001788139343,0.5996800065040588,0.05031999573111534,0.16123998165130615,0.050519999116659164,0.11039998382329941,0.37223994731903076,0.011439996771514416,0.06543999910354614,0.1776599884033203,223.875,0.005455410107970238,0.011784319765865803,-0.00041021432843990624,0.026534738019108772,44.19062805175781,4000.0,936000.0,0.5785446763038635,0.49151918292045593,0.3215577006340027
29500.0,241664000.0,13118285.808911057,111171.91363483947,18.421919107437134,1.0,0.10000000149011612,0.699999988079071,0.9000000357627869,1.0,0.6000000238418579,0.6000000238418579,1.0,0.737500011920929,0.7911999821662903,0.06831999868154526,0.25540000200271606,0.47555994987487793,0.5427999496459961,0.2572799623012543,0.20219998061656952,0.7120000720024109,0.41309499740600586,165.75,0.005630141589790583,0.012125822715461254,-0.0004061531217303127,0.026616841554641724,44.79762649536133,4000.0,944000.0,0.6332393288612366,0.5335845351219177,0.32673972845077515
29750.0,243712000.0,13218898.121596321,111083.17749240607,18.43663501739502,1.0,0.0,1.0,1.0,1.0,0.9000000357627869,0.6000000238418579,0.699999988079071,0.7749999761581421,0.7717599868774414,0.0,0.36855998635292053,0.5283999443054199,0.501759946346283,0.29447999596595764,0.22451996803283691,0.42928001284599304,0.38984498381614685,162.625,0.004724398721009493,0.010256415233016014,-0.0003780718834605068,0.025736475363373756,43.2702522277832,4000.0,952000.0,0.5799973011016846,0.49786680936813354,0.31583938002586365
30000.0,245760000.0,13255410.835349543,110461.7569612462,18.540353298187256,1.0,0.0,0.10000000149011612,1.0,0.9000000357627869,0.800000011920929,0.9000000357627869,0.9000000357627869,0.699999988079071,0.6651999950408936,0.0,0.010359996929764748,0.5190399289131165,0.34091997146606445,0.203839972615242,0.2617200016975403,0.6300000548362732,0.3288849890232086,186.625,0.004998218268156052,0.010920282453298569,-0.00043695830390788615,0.02496490813791752,45.10100173950195,4000.0,960000.0,0.6660071015357971,0.5479871034622192,0.31086474657058716
